rate_date,currency,rate_to_usd
2024-07-01,EUR,1.073112
2024-07-02,EUR,1.068268
2024-07-03,EUR,1.071685
2024-07-04,EUR,1.074107
2024-07-05,EUR,1.074212
2024-07-06,EUR,1.072942
2024-07-07,EUR,1.073635
2024-07-08,EUR,1.070481
2024-07-09,EUR,1.071546
2024-07-10,EUR,1.069445
2024-07-11,EUR,1.064547
2024-07-12,EUR,1.06532
2024-07-13,EUR,1.067903
2024-07-14,EUR,1.067277
2024-07-15,EUR,1.065165
2024-07-16,EUR,1.064287
2024-07-17,EUR,1.067035
2024-07-18,EUR,1.067096
2024-07-19,EUR,1.070704
2024-07-20,EUR,1.073874
2024-07-21,EUR,1.074535
2024-07-22,EUR,1.073746
2024-07-23,EUR,1.075135
2024-07-24,EUR,1.073775
2024-07-25,EUR,1.072723
2024-07-26,EUR,1.071132
2024-07-27,EUR,1.073173
2024-07-28,EUR,1.070406
2024-07-29,EUR,1.073623
2024-07-30,EUR,1.074088
2024-07-31,EUR,1.073909
2024-08-01,EUR,1.07763
2024-08-02,EUR,1.080537
2024-08-03,EUR,1.079277
2024-08-04,EUR,1.082109
2024-08-05,EUR,1.083453
2024-08-06,EUR,1.083014
2024-08-07,EUR,1.08079
2024-08-08,EUR,1.083784
2024-08-09,EUR,1.083247
2024-08-10,EUR,1.079016
2024-08-11,EUR,1.078809
2024-08-12,EUR,1.078608
2024-08-13,EUR,1.080463
2024-08-14,EUR,1.082107
2024-08-15,EUR,1.087928
2024-08-16,EUR,1.091208
2024-08-17,EUR,1.08977
2024-08-18,EUR,1.09057
2024-08-19,EUR,1.09154
2024-08-20,EUR,1.09087
2024-08-21,EUR,1.087229
2024-08-22,EUR,1.088127
2024-08-23,EUR,1.090732
2024-08-24,EUR,1.096126
2024-08-25,EUR,1.094651
2024-08-26,EUR,1.092578
2024-08-27,EUR,1.091276
2024-08-28,EUR,1.093633
2024-08-29,EUR,1.094239
2024-08-30,EUR,1.092464
2024-08-31,EUR,1.093516
2024-09-01,EUR,1.092076
2024-09-02,EUR,1.096495
2024-09-03,EUR,1.099835
2024-09-04,EUR,1.098771
2024-09-05,EUR,1.097728
2024-09-06,EUR,1.102351
2024-09-07,EUR,1.098201
2024-09-08,EUR,1.0985
2024-09-09,EUR,1.096465
2024-09-10,EUR,1.096696
2024-09-11,EUR,1.097335
2024-09-12,EUR,1.097785
2024-09-13,EUR,1.097295
2024-09-14,EUR,1.097986
2024-09-15,EUR,1.097709
2024-09-16,EUR,1.096752
2024-09-17,EUR,1.097255
2024-09-18,EUR,1.098858
2024-09-19,EUR,1.102383
2024-09-20,EUR,1.102616
2024-09-21,EUR,1.10054
2024-09-22,EUR,1.099933
2024-09-23,EUR,1.099215
2024-09-24,EUR,1.097375
2024-09-25,EUR,1.098906
2024-09-26,EUR,1.101093
2024-09-27,EUR,1.101001
2024-09-28,EUR,1.099048
2024-09-29,EUR,1.098248
2024-09-30,EUR,1.099746
2024-10-01,EUR,1.096531
2024-10-02,EUR,1.098074
2024-10-03,EUR,1.099528
2024-10-04,EUR,1.097164
2024-10-05,EUR,1.099603
2024-10-06,EUR,1.09889
2024-10-07,EUR,1.094269
2024-10-08,EUR,1.088776
2024-10-09,EUR,1.089385
2024-10-10,EUR,1.090899
2024-10-11,EUR,1.090989
2024-10-12,EUR,1.090963
2024-10-13,EUR,1.09177
2024-10-14,EUR,1.09577
2024-10-15,EUR,1.097148
2024-10-16,EUR,1.097765
2024-10-17,EUR,1.102758
2024-10-18,EUR,1.102045
2024-10-19,EUR,1.101003
2024-10-20,EUR,1.101585
2024-10-21,EUR,1.102203
2024-10-22,EUR,1.099875
2024-10-23,EUR,1.100877
2024-10-24,EUR,1.100968
2024-10-25,EUR,1.102505
2024-10-26,EUR,1.103369
2024-10-27,EUR,1.09861
2024-10-28,EUR,1.099184
2024-10-29,EUR,1.094518
2024-10-30,EUR,1.096452
2024-10-31,EUR,1.099219
2024-11-01,EUR,1.098677
2024-11-02,EUR,1.09964
2024-11-03,EUR,1.098931
2024-11-04,EUR,1.10126
2024-11-05,EUR,1.097852
2024-11-06,EUR,1.098487
2024-11-07,EUR,1.103173
2024-11-08,EUR,1.109732
2024-11-09,EUR,1.106721
2024-11-10,EUR,1.108951
2024-11-11,EUR,1.107077
2024-11-12,EUR,1.105596
2024-11-13,EUR,1.106686
2024-11-14,EUR,1.106537
2024-11-15,EUR,1.108282
2024-11-16,EUR,1.107581
2024-11-17,EUR,1.108437
2024-11-18,EUR,1.111424
2024-11-19,EUR,1.111799
2024-11-20,EUR,1.110985
2024-11-21,EUR,1.114508
2024-11-22,EUR,1.117317
2024-11-23,EUR,1.115995
2024-11-24,EUR,1.114057
2024-11-25,EUR,1.111307
2024-11-26,EUR,1.113779
2024-11-27,EUR,1.113398
2024-11-28,EUR,1.112411
2024-11-29,EUR,1.116068
2024-11-30,EUR,1.118562
2024-12-01,EUR,1.119714
2024-12-02,EUR,1.119097
2024-12-03,EUR,1.118445
2024-12-04,EUR,1.121785
2024-12-05,EUR,1.120115
2024-12-06,EUR,1.119696
2024-12-07,EUR,1.118172
2024-12-08,EUR,1.118076
2024-12-09,EUR,1.116259
2024-12-10,EUR,1.114058
2024-12-11,EUR,1.114874
2024-12-12,EUR,1.108613
2024-12-13,EUR,1.107155
2024-12-14,EUR,1.107856
2024-12-15,EUR,1.107953
2024-12-16,EUR,1.111468
2024-12-17,EUR,1.108087
2024-12-18,EUR,1.109029
2024-12-19,EUR,1.109209
2024-12-20,EUR,1.107759
2024-12-21,EUR,1.108244
2024-12-22,EUR,1.109765
2024-12-23,EUR,1.107418
2024-12-24,EUR,1.104708
2024-12-25,EUR,1.106507
2024-12-26,EUR,1.103686
2024-12-27,EUR,1.099651
2024-12-28,EUR,1.102186
2024-12-29,EUR,1.102282
2024-12-30,EUR,1.10118
2024-12-31,EUR,1.101682
2025-01-01,EUR,1.101831
2025-01-02,EUR,1.102204
2025-01-03,EUR,1.102166
2025-01-04,EUR,1.101915
2025-01-05,EUR,1.101721
2025-01-06,EUR,1.103635
2025-01-07,EUR,1.101874
2025-01-08,EUR,1.100565
2025-01-09,EUR,1.100682
2025-01-10,EUR,1.102756
2025-01-11,EUR,1.105995
2025-01-12,EUR,1.108901
2025-01-13,EUR,1.111404
2025-01-14,EUR,1.109521
2025-01-15,EUR,1.107558
2025-01-16,EUR,1.106731
2025-01-17,EUR,1.102732
2025-01-18,EUR,1.102239
2025-01-19,EUR,1.100037
2025-01-20,EUR,1.097265
2025-01-21,EUR,1.093019
2025-01-22,EUR,1.090318
2025-01-23,EUR,1.08998
2025-01-24,EUR,1.093193
2025-01-25,EUR,1.093871
2025-01-26,EUR,1.09213
2025-01-27,EUR,1.091864
2025-01-28,EUR,1.092917
2025-01-29,EUR,1.092606
2025-01-30,EUR,1.094694
2025-01-31,EUR,1.094494
2025-02-01,EUR,1.095116
2025-02-02,EUR,1.094318
2025-02-03,EUR,1.096265
2025-02-04,EUR,1.097542
2025-02-05,EUR,1.096717
2025-02-06,EUR,1.088637
2025-02-07,EUR,1.087231
2025-02-08,EUR,1.084508
2025-02-09,EUR,1.086259
2025-02-10,EUR,1.08383
2025-02-11,EUR,1.081437
2025-02-12,EUR,1.078132
2025-02-13,EUR,1.07769
2025-02-14,EUR,1.078517
2025-02-15,EUR,1.076734
2025-02-16,EUR,1.078068
2025-02-17,EUR,1.076544
2025-02-18,EUR,1.076186
2025-02-19,EUR,1.076459
2025-02-20,EUR,1.076314
2025-02-21,EUR,1.076466
2025-02-22,EUR,1.077278
2025-02-23,EUR,1.077378
2025-02-24,EUR,1.077796
2025-02-25,EUR,1.077279
2025-02-26,EUR,1.079391
2025-02-27,EUR,1.077297
2025-02-28,EUR,1.076073
2025-03-01,EUR,1.077805
2025-03-02,EUR,1.075767
2025-03-03,EUR,1.074573
2025-03-04,EUR,1.078742
2025-03-05,EUR,1.081399
2025-03-06,EUR,1.078456
2025-03-07,EUR,1.082518
2025-03-08,EUR,1.080494
2025-03-09,EUR,1.083375
2025-03-10,EUR,1.080692
2025-03-11,EUR,1.085186
2025-03-12,EUR,1.084632
2025-03-13,EUR,1.085377
2025-03-14,EUR,1.088891
2025-03-15,EUR,1.089734
2025-03-16,EUR,1.093789
2025-03-17,EUR,1.095027
2025-03-18,EUR,1.092606
2025-03-19,EUR,1.087166
2025-03-20,EUR,1.090679
2025-03-21,EUR,1.091536
2025-03-22,EUR,1.089597
2025-03-23,EUR,1.093537
2025-03-24,EUR,1.096704
2025-03-25,EUR,1.095717
2025-03-26,EUR,1.094982
2025-03-27,EUR,1.096103
2025-03-28,EUR,1.099091
2025-03-29,EUR,1.099435
2025-03-30,EUR,1.098574
2025-03-31,EUR,1.101591
2025-04-01,EUR,1.108005
2025-04-02,EUR,1.10591
2025-04-03,EUR,1.107443
2025-04-04,EUR,1.109021
2025-04-05,EUR,1.108268
2025-04-06,EUR,1.111212
2025-04-07,EUR,1.111526
2025-04-08,EUR,1.111777
2025-04-09,EUR,1.110461
2025-04-10,EUR,1.11172
2025-04-11,EUR,1.110876
2025-04-12,EUR,1.11402
2025-04-13,EUR,1.110654
2025-04-14,EUR,1.108576
2025-04-15,EUR,1.110799
2025-04-16,EUR,1.109769
2025-04-17,EUR,1.111708
2025-04-18,EUR,1.113212
2025-04-19,EUR,1.115525
2025-04-20,EUR,1.118419
2025-04-21,EUR,1.121249
2025-04-22,EUR,1.119985
2025-04-23,EUR,1.122986
2025-04-24,EUR,1.124765
2025-04-25,EUR,1.123706
2025-04-26,EUR,1.119841
2025-04-27,EUR,1.120957
2025-04-28,EUR,1.124579
2025-04-29,EUR,1.125918
2025-04-30,EUR,1.122433
2025-05-01,EUR,1.121368
2025-05-02,EUR,1.123452
2025-05-03,EUR,1.122431
2025-05-04,EUR,1.121107
2025-05-05,EUR,1.116377
2025-05-06,EUR,1.113457
2025-05-07,EUR,1.115918
2025-05-08,EUR,1.114938
2025-05-09,EUR,1.115216
2025-05-10,EUR,1.114862
2025-05-11,EUR,1.116242
2025-05-12,EUR,1.11984
2025-05-13,EUR,1.116796
2025-05-14,EUR,1.113039
2025-05-15,EUR,1.110863
2025-05-16,EUR,1.110902
2025-05-17,EUR,1.109939
2025-05-18,EUR,1.110302
2025-05-19,EUR,1.112046
2025-05-20,EUR,1.109506
2025-05-21,EUR,1.109467
2025-05-22,EUR,1.107544
2025-05-23,EUR,1.108428
2025-05-24,EUR,1.106923
2025-05-25,EUR,1.100999
2025-05-26,EUR,1.102907
2025-05-27,EUR,1.104783
2025-05-28,EUR,1.104335
2025-05-29,EUR,1.108423
2025-05-30,EUR,1.105324
2025-05-31,EUR,1.105498
2025-06-01,EUR,1.104413
2025-06-02,EUR,1.107613
2025-06-03,EUR,1.106746
2025-06-04,EUR,1.103967
2025-06-05,EUR,1.107655
2025-06-06,EUR,1.107205
2025-06-07,EUR,1.105777
2025-06-08,EUR,1.105612
2025-06-09,EUR,1.103508
2025-06-10,EUR,1.10155
2025-06-11,EUR,1.100194
2025-06-12,EUR,1.099925
2025-06-13,EUR,1.102635
2025-06-14,EUR,1.10707
2025-06-15,EUR,1.108918
2025-06-16,EUR,1.110467
2025-06-17,EUR,1.113858
2025-06-18,EUR,1.115697
2025-06-19,EUR,1.112143
2025-06-20,EUR,1.108262
2025-06-21,EUR,1.10582
2025-06-22,EUR,1.106421
2025-06-23,EUR,1.099307
2025-06-24,EUR,1.098828
2025-06-25,EUR,1.100033
2025-06-26,EUR,1.101207
2025-06-27,EUR,1.097993
2025-06-28,EUR,1.09756
2025-06-29,EUR,1.09595
2025-06-30,EUR,1.095249
2025-07-01,EUR,1.096394
2025-07-02,EUR,1.098594
2025-07-03,EUR,1.096149
2025-07-04,EUR,1.094322
2025-07-05,EUR,1.094559
2025-07-06,EUR,1.093984
2025-07-07,EUR,1.088365
2025-07-08,EUR,1.086204
2025-07-09,EUR,1.085345
2025-07-10,EUR,1.088372
2025-07-11,EUR,1.087353
2025-07-12,EUR,1.088029
2025-07-13,EUR,1.087103
2025-07-14,EUR,1.087968
2025-07-15,EUR,1.084692
2025-07-16,EUR,1.086768
2025-07-17,EUR,1.084951
2025-07-18,EUR,1.084694
2025-07-19,EUR,1.081719
2025-07-20,EUR,1.080839
2025-07-21,EUR,1.078935
2025-07-22,EUR,1.080794
2025-07-23,EUR,1.08688
2025-07-24,EUR,1.086525
2025-07-25,EUR,1.088243
2025-07-26,EUR,1.087555
2025-07-27,EUR,1.091586
2025-07-28,EUR,1.090169
2025-07-29,EUR,1.08902
2025-07-30,EUR,1.089902
2025-07-31,EUR,1.091511
2025-08-01,EUR,1.091321
2025-08-02,EUR,1.090846
2025-08-03,EUR,1.09112
2025-08-04,EUR,1.094806
2025-08-05,EUR,1.097562
2025-08-06,EUR,1.098559
2025-08-07,EUR,1.099473
2025-08-08,EUR,1.099106
2025-08-09,EUR,1.093428
2025-08-10,EUR,1.092065
2025-08-11,EUR,1.096233
2025-08-12,EUR,1.094382
2025-08-13,EUR,1.096257
2025-08-14,EUR,1.091849
2025-08-15,EUR,1.089662
2025-08-16,EUR,1.087924
2025-08-17,EUR,1.087965
2025-08-18,EUR,1.08688
2025-08-19,EUR,1.087167
2025-08-20,EUR,1.087357
2025-08-21,EUR,1.086159
2025-08-22,EUR,1.0899
2025-08-23,EUR,1.090505
2025-08-24,EUR,1.091248
2025-08-25,EUR,1.088905
2025-08-26,EUR,1.087393
2025-08-27,EUR,1.08652
2025-08-28,EUR,1.087527
2025-08-29,EUR,1.090646
2025-08-30,EUR,1.09136
2025-08-31,EUR,1.093699
2025-09-01,EUR,1.098902
2025-09-02,EUR,1.097439
2025-09-03,EUR,1.097278
2025-09-04,EUR,1.098288
2025-09-05,EUR,1.096304
2025-09-06,EUR,1.09666
2025-09-07,EUR,1.099604
2025-09-08,EUR,1.099715
2025-09-09,EUR,1.10167
2025-09-10,EUR,1.104632
2025-09-11,EUR,1.10562
2025-09-12,EUR,1.105533
2025-09-13,EUR,1.103781
2025-09-14,EUR,1.100819
2025-09-15,EUR,1.101142
2025-09-16,EUR,1.103325
2025-09-17,EUR,1.10811
2025-09-18,EUR,1.110015
2025-09-19,EUR,1.108416
2025-09-20,EUR,1.104918
2025-09-21,EUR,1.101738
2025-09-22,EUR,1.101858
2025-09-23,EUR,1.101999
2025-09-24,EUR,1.103789
2025-09-25,EUR,1.104759
2025-09-26,EUR,1.103645
2025-09-27,EUR,1.103334
2025-09-28,EUR,1.10592
2025-09-29,EUR,1.103735
2025-09-30,EUR,1.109048
2025-10-01,EUR,1.109801
2025-10-02,EUR,1.112283
2025-10-03,EUR,1.11466
2025-10-04,EUR,1.116735
2025-10-05,EUR,1.122008
2025-10-06,EUR,1.120457
2025-10-07,EUR,1.120896
2025-10-08,EUR,1.119128
2025-10-09,EUR,1.116667
2025-10-10,EUR,1.113552
2025-10-11,EUR,1.111493
2025-10-12,EUR,1.111928
2025-10-13,EUR,1.113265
2025-10-14,EUR,1.113631
2025-10-15,EUR,1.113489
2025-10-16,EUR,1.116702
2025-10-17,EUR,1.113431
2025-10-18,EUR,1.113674
2025-10-19,EUR,1.115132
2025-10-20,EUR,1.112371
2025-10-21,EUR,1.112528
2025-10-22,EUR,1.111657
2025-10-23,EUR,1.113949
2025-10-24,EUR,1.117149
2025-10-25,EUR,1.117117
2025-10-26,EUR,1.114361
2025-10-27,EUR,1.114878
2025-10-28,EUR,1.116859
2025-10-29,EUR,1.115676
2025-10-30,EUR,1.114473
2025-10-31,EUR,1.115655
2025-11-01,EUR,1.116145
2025-11-02,EUR,1.110376
2025-11-03,EUR,1.108788
2025-11-04,EUR,1.106582
2025-11-05,EUR,1.107248
2025-11-06,EUR,1.103536
2025-11-07,EUR,1.103851
2025-11-08,EUR,1.103509
2025-11-09,EUR,1.100905
2025-11-10,EUR,1.102363
2025-11-11,EUR,1.107136
2025-11-12,EUR,1.106161
2025-11-13,EUR,1.110044
2025-11-14,EUR,1.109562
2025-11-15,EUR,1.106637
2025-11-16,EUR,1.110089
2025-11-17,EUR,1.10882
2025-11-18,EUR,1.107117
2025-11-19,EUR,1.105352
2025-11-20,EUR,1.107749
2025-11-21,EUR,1.108892
2025-11-22,EUR,1.108693
2025-11-23,EUR,1.109058
2025-11-24,EUR,1.115607
2025-11-25,EUR,1.116918
2025-11-26,EUR,1.113271
2025-11-27,EUR,1.112518
2025-11-28,EUR,1.112175
2025-11-29,EUR,1.110195
2025-11-30,EUR,1.108476
2025-12-01,EUR,1.110962
2025-12-02,EUR,1.11041
2025-12-03,EUR,1.1071
2025-12-04,EUR,1.105987
2025-12-05,EUR,1.104015
2025-12-06,EUR,1.102515
2025-12-07,EUR,1.098493
2025-12-08,EUR,1.098279
2025-12-09,EUR,1.101097
2025-12-10,EUR,1.105341
2025-12-11,EUR,1.105949
2025-12-12,EUR,1.109145
2025-12-13,EUR,1.112016
2025-12-14,EUR,1.112176
2025-12-15,EUR,1.112
2025-12-16,EUR,1.112109
2025-12-17,EUR,1.108123
2025-12-18,EUR,1.105409
2025-12-19,EUR,1.102045
2025-12-20,EUR,1.103286
2025-12-21,EUR,1.103008
2025-12-22,EUR,1.10155
2025-12-23,EUR,1.100885
2025-12-24,EUR,1.101637
2025-12-25,EUR,1.098337
2025-12-26,EUR,1.099457
2025-12-27,EUR,1.098361
2025-12-28,EUR,1.100033
2025-12-29,EUR,1.09991
2025-12-30,EUR,1.09939
2025-12-31,EUR,1.103886
2026-01-01,EUR,1.102464
2026-01-02,EUR,1.104116
2026-01-03,EUR,1.103773
2026-01-04,EUR,1.101609
2026-01-05,EUR,1.102028
2026-01-06,EUR,1.102195
2026-01-07,EUR,1.098768
2026-01-08,EUR,1.101694
2026-01-09,EUR,1.098326
2026-01-10,EUR,1.102543
2026-01-11,EUR,1.099634
2026-01-12,EUR,1.099204
2026-01-13,EUR,1.100017
2026-01-14,EUR,1.103339
2026-01-15,EUR,1.100574
2026-01-16,EUR,1.101178
2026-01-17,EUR,1.105784
2026-01-18,EUR,1.10242
2026-01-19,EUR,1.105691
2026-01-20,EUR,1.102841
2026-01-21,EUR,1.105783
2026-01-22,EUR,1.106961
2026-01-23,EUR,1.110954
2026-01-24,EUR,1.109396
2026-01-25,EUR,1.109002
2026-01-26,EUR,1.110823
2026-01-27,EUR,1.114726
2026-01-28,EUR,1.115896
2026-01-29,EUR,1.118181
2026-01-30,EUR,1.115612
2026-01-31,EUR,1.116506
2026-02-01,EUR,1.11682
2026-02-02,EUR,1.112507
2026-02-03,EUR,1.116332
2026-02-04,EUR,1.115823
2026-02-05,EUR,1.12063
2026-02-06,EUR,1.117672
2026-02-07,EUR,1.118981
2026-02-08,EUR,1.119025
2026-02-09,EUR,1.11787
2026-02-10,EUR,1.118885
2026-02-11,EUR,1.120319
2026-02-12,EUR,1.117907
2026-02-13,EUR,1.115
2026-02-14,EUR,1.118137
2026-02-15,EUR,1.116539
2026-02-16,EUR,1.116339
2026-02-17,EUR,1.112117
2026-02-18,EUR,1.112108
2026-02-19,EUR,1.107927
2026-02-20,EUR,1.106691
2026-02-21,EUR,1.10799
2026-02-22,EUR,1.109277
2026-02-23,EUR,1.110756
2026-02-24,EUR,1.112275
2026-02-25,EUR,1.110308
2026-02-26,EUR,1.111113
2026-02-27,EUR,1.109648
2026-02-28,EUR,1.108474
2026-03-01,EUR,1.104668
2026-03-02,EUR,1.105419
2026-03-03,EUR,1.107533
2026-03-04,EUR,1.103603
2026-03-05,EUR,1.104033
2026-03-06,EUR,1.106123
2026-03-07,EUR,1.107273
2026-03-08,EUR,1.108627
2026-03-09,EUR,1.110002
2026-03-10,EUR,1.109057
2026-03-11,EUR,1.110463
2026-03-12,EUR,1.11023
2026-03-13,EUR,1.105446
2026-03-14,EUR,1.10698
2026-03-15,EUR,1.103491
2026-03-16,EUR,1.101405
2026-03-17,EUR,1.103992
2026-03-18,EUR,1.104123
2026-03-19,EUR,1.104206
2026-03-20,EUR,1.102824
2026-03-21,EUR,1.102329
2026-03-22,EUR,1.099837
2026-03-23,EUR,1.10237
2026-03-24,EUR,1.103535
2026-03-25,EUR,1.103835
2026-03-26,EUR,1.105097
2026-03-27,EUR,1.105444
2026-03-28,EUR,1.102983
2026-03-29,EUR,1.101307
2026-03-30,EUR,1.102974
2026-03-31,EUR,1.104519
2026-04-01,EUR,1.103862
2026-04-02,EUR,1.104998
2026-04-03,EUR,1.103459
2026-04-04,EUR,1.102081
2026-04-05,EUR,1.102151
2026-04-06,EUR,1.103936
2026-04-07,EUR,1.102069
2026-04-08,EUR,1.09913
2026-04-09,EUR,1.099594
2026-04-10,EUR,1.102934
2026-04-11,EUR,1.101107
2026-04-12,EUR,1.104619
2026-04-13,EUR,1.101181
2026-04-14,EUR,1.099314
2026-04-15,EUR,1.095656
2026-04-16,EUR,1.093466
2026-04-17,EUR,1.096687
2026-04-18,EUR,1.093714
2026-04-19,EUR,1.09299
2026-04-20,EUR,1.093136
2026-04-21,EUR,1.096532
2026-04-22,EUR,1.102397
2026-04-23,EUR,1.105175
2026-04-24,EUR,1.106616
2026-04-25,EUR,1.107795
2026-04-26,EUR,1.107862
2026-04-27,EUR,1.107567
2026-04-28,EUR,1.109026
2026-04-29,EUR,1.112075
2026-04-30,EUR,1.114834
2026-05-01,EUR,1.113779
2026-05-02,EUR,1.109885
2026-05-03,EUR,1.112649
2026-05-04,EUR,1.110973
2026-05-05,EUR,1.108085
2026-05-06,EUR,1.110971
2026-05-07,EUR,1.110948
2026-05-08,EUR,1.109914
2026-05-09,EUR,1.106518
2026-05-10,EUR,1.105796
2026-05-11,EUR,1.106646
2026-05-12,EUR,1.108023
2026-05-13,EUR,1.11009
2026-05-14,EUR,1.109287
2026-05-15,EUR,1.10705
2026-05-16,EUR,1.108284
2026-05-17,EUR,1.109883
2026-05-18,EUR,1.109573
2026-05-19,EUR,1.112348
2026-05-20,EUR,1.111376
2026-05-21,EUR,1.107127
2026-05-22,EUR,1.108331
2026-05-23,EUR,1.106729
2026-05-24,EUR,1.108592
2026-05-25,EUR,1.111513
2026-05-26,EUR,1.10932
2026-05-27,EUR,1.10662
2026-05-28,EUR,1.105164
2026-05-29,EUR,1.103493
2026-05-30,EUR,1.103504
2026-05-31,EUR,1.10606
2026-06-01,EUR,1.106074
2026-06-02,EUR,1.103623
2026-06-03,EUR,1.10591
2026-06-04,EUR,1.105045
2026-06-05,EUR,1.105582
2026-06-06,EUR,1.111067
2026-06-07,EUR,1.114169
2026-06-08,EUR,1.112487
2026-06-09,EUR,1.112776
2026-06-10,EUR,1.115819
2026-06-11,EUR,1.113896
2026-06-12,EUR,1.116029
2026-06-13,EUR,1.116406
2026-06-14,EUR,1.113187
2026-06-15,EUR,1.118423
2026-06-16,EUR,1.117076
2026-06-17,EUR,1.116665
2026-06-18,EUR,1.116179
2026-06-19,EUR,1.116428
2026-06-20,EUR,1.11616
2026-06-21,EUR,1.117207
2026-06-22,EUR,1.118335
2026-06-23,EUR,1.1201
2026-06-24,EUR,1.121014
2026-06-25,EUR,1.121463
2026-06-26,EUR,1.118285
2026-06-27,EUR,1.117002
2026-06-28,EUR,1.115119
2026-06-29,EUR,1.111291
2026-06-30,EUR,1.106059
2024-07-01,GBP,1.261413
2024-07-02,GBP,1.262794
2024-07-03,GBP,1.264801
2024-07-04,GBP,1.259924
2024-07-05,GBP,1.253
2024-07-06,GBP,1.256185
2024-07-07,GBP,1.256797
2024-07-08,GBP,1.259363
2024-07-09,GBP,1.261311
2024-07-10,GBP,1.263283
2024-07-11,GBP,1.25892
2024-07-12,GBP,1.263401
2024-07-13,GBP,1.265449
2024-07-14,GBP,1.266673
2024-07-15,GBP,1.269468
2024-07-16,GBP,1.278166
2024-07-17,GBP,1.271578
2024-07-18,GBP,1.275886
2024-07-19,GBP,1.276225
2024-07-20,GBP,1.277623
2024-07-21,GBP,1.272809
2024-07-22,GBP,1.268707
2024-07-23,GBP,1.270782
2024-07-24,GBP,1.270452
2024-07-25,GBP,1.267153
2024-07-26,GBP,1.270614
2024-07-27,GBP,1.281639
2024-07-28,GBP,1.28352
2024-07-29,GBP,1.281143
2024-07-30,GBP,1.285974
2024-07-31,GBP,1.28315
2024-08-01,GBP,1.280469
2024-08-02,GBP,1.284178
2024-08-03,GBP,1.288397
2024-08-04,GBP,1.290112
2024-08-05,GBP,1.290979
2024-08-06,GBP,1.292064
2024-08-07,GBP,1.292912
2024-08-08,GBP,1.288776
2024-08-09,GBP,1.289941
2024-08-10,GBP,1.291115
2024-08-11,GBP,1.289836
2024-08-12,GBP,1.288528
2024-08-13,GBP,1.297494
2024-08-14,GBP,1.300904
2024-08-15,GBP,1.296078
2024-08-16,GBP,1.295901
2024-08-17,GBP,1.296238
2024-08-18,GBP,1.296407
2024-08-19,GBP,1.29665
2024-08-20,GBP,1.296455
2024-08-21,GBP,1.305338
2024-08-22,GBP,1.301095
2024-08-23,GBP,1.299599
2024-08-24,GBP,1.301997
2024-08-25,GBP,1.304829
2024-08-26,GBP,1.308022
2024-08-27,GBP,1.311986
2024-08-28,GBP,1.313998
2024-08-29,GBP,1.320448
2024-08-30,GBP,1.320505
2024-08-31,GBP,1.317911
2024-09-01,GBP,1.318106
2024-09-02,GBP,1.316429
2024-09-03,GBP,1.316586
2024-09-04,GBP,1.314324
2024-09-05,GBP,1.313821
2024-09-06,GBP,1.313996
2024-09-07,GBP,1.321802
2024-09-08,GBP,1.32473
2024-09-09,GBP,1.320933
2024-09-10,GBP,1.320812
2024-09-11,GBP,1.317777
2024-09-12,GBP,1.317011
2024-09-13,GBP,1.318649
2024-09-14,GBP,1.321937
2024-09-15,GBP,1.32261
2024-09-16,GBP,1.322713
2024-09-17,GBP,1.323949
2024-09-18,GBP,1.320377
2024-09-19,GBP,1.324208
2024-09-20,GBP,1.321187
2024-09-21,GBP,1.322047
2024-09-22,GBP,1.326592
2024-09-23,GBP,1.325052
2024-09-24,GBP,1.330631
2024-09-25,GBP,1.331431
2024-09-26,GBP,1.332726
2024-09-27,GBP,1.33604
2024-09-28,GBP,1.333585
2024-09-29,GBP,1.334098
2024-09-30,GBP,1.336388
2024-10-01,GBP,1.335757
2024-10-02,GBP,1.341632
2024-10-03,GBP,1.354128
2024-10-04,GBP,1.356792
2024-10-05,GBP,1.352596
2024-10-06,GBP,1.352607
2024-10-07,GBP,1.353277
2024-10-08,GBP,1.357272
2024-10-09,GBP,1.359904
2024-10-10,GBP,1.364497
2024-10-11,GBP,1.366029
2024-10-12,GBP,1.366478
2024-10-13,GBP,1.366603
2024-10-14,GBP,1.368436
2024-10-15,GBP,1.366525
2024-10-16,GBP,1.37079
2024-10-17,GBP,1.373714
2024-10-18,GBP,1.370284
2024-10-19,GBP,1.37188
2024-10-20,GBP,1.374333
2024-10-21,GBP,1.381048
2024-10-22,GBP,1.384564
2024-10-23,GBP,1.37848
2024-10-24,GBP,1.383581
2024-10-25,GBP,1.389544
2024-10-26,GBP,1.390486
2024-10-27,GBP,1.396745
2024-10-28,GBP,1.396177
2024-10-29,GBP,1.392466
2024-10-30,GBP,1.397725
2024-10-31,GBP,1.398521
2024-11-01,GBP,1.397599
2024-11-02,GBP,1.396122
2024-11-03,GBP,1.389487
2024-11-04,GBP,1.390606
2024-11-05,GBP,1.390295
2024-11-06,GBP,1.382861
2024-11-07,GBP,1.378927
2024-11-08,GBP,1.374946
2024-11-09,GBP,1.37306
2024-11-10,GBP,1.362157
2024-11-11,GBP,1.365258
2024-11-12,GBP,1.361597
2024-11-13,GBP,1.357593
2024-11-14,GBP,1.364969
2024-11-15,GBP,1.365388
2024-11-16,GBP,1.367969
2024-11-17,GBP,1.369229
2024-11-18,GBP,1.365676
2024-11-19,GBP,1.366763
2024-11-20,GBP,1.362831
2024-11-21,GBP,1.357085
2024-11-22,GBP,1.355561
2024-11-23,GBP,1.351986
2024-11-24,GBP,1.360077
2024-11-25,GBP,1.358858
2024-11-26,GBP,1.355968
2024-11-27,GBP,1.353038
2024-11-28,GBP,1.354665
2024-11-29,GBP,1.353849
2024-11-30,GBP,1.350923
2024-12-01,GBP,1.352972
2024-12-02,GBP,1.354104
2024-12-03,GBP,1.356636
2024-12-04,GBP,1.353344
2024-12-05,GBP,1.354002
2024-12-06,GBP,1.355955
2024-12-07,GBP,1.355182
2024-12-08,GBP,1.357076
2024-12-09,GBP,1.353698
2024-12-10,GBP,1.354542
2024-12-11,GBP,1.35115
2024-12-12,GBP,1.348507
2024-12-13,GBP,1.338748
2024-12-14,GBP,1.342621
2024-12-15,GBP,1.349236
2024-12-16,GBP,1.345221
2024-12-17,GBP,1.349068
2024-12-18,GBP,1.350392
2024-12-19,GBP,1.347061
2024-12-20,GBP,1.350238
2024-12-21,GBP,1.349579
2024-12-22,GBP,1.351694
2024-12-23,GBP,1.348377
2024-12-24,GBP,1.346773
2024-12-25,GBP,1.344304
2024-12-26,GBP,1.343044
2024-12-27,GBP,1.342545
2024-12-28,GBP,1.341204
2024-12-29,GBP,1.345994
2024-12-30,GBP,1.344479
2024-12-31,GBP,1.338261
2025-01-01,GBP,1.331155
2025-01-02,GBP,1.33418
2025-01-03,GBP,1.330634
2025-01-04,GBP,1.328473
2025-01-05,GBP,1.328182
2025-01-06,GBP,1.326293
2025-01-07,GBP,1.32444
2025-01-08,GBP,1.323847
2025-01-09,GBP,1.320765
2025-01-10,GBP,1.320975
2025-01-11,GBP,1.316746
2025-01-12,GBP,1.317597
2025-01-13,GBP,1.317442
2025-01-14,GBP,1.31864
2025-01-15,GBP,1.309774
2025-01-16,GBP,1.314673
2025-01-17,GBP,1.3079
2025-01-18,GBP,1.302837
2025-01-19,GBP,1.300164
2025-01-20,GBP,1.292146
2025-01-21,GBP,1.287192
2025-01-22,GBP,1.28494
2025-01-23,GBP,1.282503
2025-01-24,GBP,1.275799
2025-01-25,GBP,1.276137
2025-01-26,GBP,1.273066
2025-01-27,GBP,1.276638
2025-01-28,GBP,1.272551
2025-01-29,GBP,1.276168
2025-01-30,GBP,1.280048
2025-01-31,GBP,1.282631
2025-02-01,GBP,1.288927
2025-02-02,GBP,1.294975
2025-02-03,GBP,1.292914
2025-02-04,GBP,1.299858
2025-02-05,GBP,1.299501
2025-02-06,GBP,1.294927
2025-02-07,GBP,1.29789
2025-02-08,GBP,1.298657
2025-02-09,GBP,1.296695
2025-02-10,GBP,1.300557
2025-02-11,GBP,1.30277
2025-02-12,GBP,1.296884
2025-02-13,GBP,1.298534
2025-02-14,GBP,1.303017
2025-02-15,GBP,1.302617
2025-02-16,GBP,1.305106
2025-02-17,GBP,1.303476
2025-02-18,GBP,1.302885
2025-02-19,GBP,1.306767
2025-02-20,GBP,1.307964
2025-02-21,GBP,1.307055
2025-02-22,GBP,1.309859
2025-02-23,GBP,1.309482
2025-02-24,GBP,1.311241
2025-02-25,GBP,1.310325
2025-02-26,GBP,1.311621
2025-02-27,GBP,1.312598
2025-02-28,GBP,1.313528
2025-03-01,GBP,1.312872
2025-03-02,GBP,1.307695
2025-03-03,GBP,1.308555
2025-03-04,GBP,1.309522
2025-03-05,GBP,1.31392
2025-03-06,GBP,1.313765
2025-03-07,GBP,1.317709
2025-03-08,GBP,1.32202
2025-03-09,GBP,1.314979
2025-03-10,GBP,1.311232
2025-03-11,GBP,1.311014
2025-03-12,GBP,1.310906
2025-03-13,GBP,1.317383
2025-03-14,GBP,1.316036
2025-03-15,GBP,1.316802
2025-03-16,GBP,1.312025
2025-03-17,GBP,1.307507
2025-03-18,GBP,1.308562
2025-03-19,GBP,1.310893
2025-03-20,GBP,1.316197
2025-03-21,GBP,1.311746
2025-03-22,GBP,1.311362
2025-03-23,GBP,1.310531
2025-03-24,GBP,1.3071
2025-03-25,GBP,1.308285
2025-03-26,GBP,1.308354
2025-03-27,GBP,1.310752
2025-03-28,GBP,1.312728
2025-03-29,GBP,1.312431
2025-03-30,GBP,1.315385
2025-03-31,GBP,1.316363
2025-04-01,GBP,1.315584
2025-04-02,GBP,1.315233
2025-04-03,GBP,1.312037
2025-04-04,GBP,1.307034
2025-04-05,GBP,1.307701
2025-04-06,GBP,1.307126
2025-04-07,GBP,1.305709
2025-04-08,GBP,1.30177
2025-04-09,GBP,1.305418
2025-04-10,GBP,1.306331
2025-04-11,GBP,1.304924
2025-04-12,GBP,1.306282
2025-04-13,GBP,1.303033
2025-04-14,GBP,1.305349
2025-04-15,GBP,1.306827
2025-04-16,GBP,1.306649
2025-04-17,GBP,1.311851
2025-04-18,GBP,1.314251
2025-04-19,GBP,1.313678
2025-04-20,GBP,1.308055
2025-04-21,GBP,1.311439
2025-04-22,GBP,1.318083
2025-04-23,GBP,1.319816
2025-04-24,GBP,1.318383
2025-04-25,GBP,1.316817
2025-04-26,GBP,1.310975
2025-04-27,GBP,1.312118
2025-04-28,GBP,1.31104
2025-04-29,GBP,1.312406
2025-04-30,GBP,1.315357
2025-05-01,GBP,1.314727
2025-05-02,GBP,1.315774
2025-05-03,GBP,1.316989
2025-05-04,GBP,1.319115
2025-05-05,GBP,1.320273
2025-05-06,GBP,1.317065
2025-05-07,GBP,1.319798
2025-05-08,GBP,1.314842
2025-05-09,GBP,1.31703
2025-05-10,GBP,1.318411
2025-05-11,GBP,1.316589
2025-05-12,GBP,1.317006
2025-05-13,GBP,1.320237
2025-05-14,GBP,1.323864
2025-05-15,GBP,1.325862
2025-05-16,GBP,1.321677
2025-05-17,GBP,1.324777
2025-05-18,GBP,1.326533
2025-05-19,GBP,1.326705
2025-05-20,GBP,1.324254
2025-05-21,GBP,1.323958
2025-05-22,GBP,1.325223
2025-05-23,GBP,1.321543
2025-05-24,GBP,1.323866
2025-05-25,GBP,1.31507
2025-05-26,GBP,1.318019
2025-05-27,GBP,1.318314
2025-05-28,GBP,1.316076
2025-05-29,GBP,1.318943
2025-05-30,GBP,1.316756
2025-05-31,GBP,1.31753
2025-06-01,GBP,1.316875
2025-06-02,GBP,1.314048
2025-06-03,GBP,1.315941
2025-06-04,GBP,1.313943
2025-06-05,GBP,1.316057
2025-06-06,GBP,1.314499
2025-06-07,GBP,1.309802
2025-06-08,GBP,1.315779
2025-06-09,GBP,1.316834
2025-06-10,GBP,1.313768
2025-06-11,GBP,1.314792
2025-06-12,GBP,1.318144
2025-06-13,GBP,1.312571
2025-06-14,GBP,1.308903
2025-06-15,GBP,1.306781
2025-06-16,GBP,1.302484
2025-06-17,GBP,1.307551
2025-06-18,GBP,1.31283
2025-06-19,GBP,1.31183
2025-06-20,GBP,1.314047
2025-06-21,GBP,1.312496
2025-06-22,GBP,1.310441
2025-06-23,GBP,1.311672
2025-06-24,GBP,1.316803
2025-06-25,GBP,1.313025
2025-06-26,GBP,1.31003
2025-06-27,GBP,1.310619
2025-06-28,GBP,1.308234
2025-06-29,GBP,1.303808
2025-06-30,GBP,1.301249
2025-07-01,GBP,1.297755
2025-07-02,GBP,1.292522
2025-07-03,GBP,1.292011
2025-07-04,GBP,1.288072
2025-07-05,GBP,1.286099
2025-07-06,GBP,1.285199
2025-07-07,GBP,1.288531
2025-07-08,GBP,1.287214
2025-07-09,GBP,1.292824
2025-07-10,GBP,1.28991
2025-07-11,GBP,1.290344
2025-07-12,GBP,1.289635
2025-07-13,GBP,1.293574
2025-07-14,GBP,1.295798
2025-07-15,GBP,1.294856
2025-07-16,GBP,1.291272
2025-07-17,GBP,1.293178
2025-07-18,GBP,1.295771
2025-07-19,GBP,1.290724
2025-07-20,GBP,1.291515
2025-07-21,GBP,1.2888
2025-07-22,GBP,1.292035
2025-07-23,GBP,1.291919
2025-07-24,GBP,1.291244
2025-07-25,GBP,1.290787
2025-07-26,GBP,1.294862
2025-07-27,GBP,1.291544
2025-07-28,GBP,1.291637
2025-07-29,GBP,1.300261
2025-07-30,GBP,1.304306
2025-07-31,GBP,1.302489
2025-08-01,GBP,1.300799
2025-08-02,GBP,1.300619
2025-08-03,GBP,1.304623
2025-08-04,GBP,1.306043
2025-08-05,GBP,1.302887
2025-08-06,GBP,1.300068
2025-08-07,GBP,1.300291
2025-08-08,GBP,1.304389
2025-08-09,GBP,1.308709
2025-08-10,GBP,1.311121
2025-08-11,GBP,1.3108
2025-08-12,GBP,1.312396
2025-08-13,GBP,1.315496
2025-08-14,GBP,1.314677
2025-08-15,GBP,1.319801
2025-08-16,GBP,1.32161
2025-08-17,GBP,1.319013
2025-08-18,GBP,1.322065
2025-08-19,GBP,1.324004
2025-08-20,GBP,1.325708
2025-08-21,GBP,1.323807
2025-08-22,GBP,1.323389
2025-08-23,GBP,1.321745
2025-08-24,GBP,1.32105
2025-08-25,GBP,1.322011
2025-08-26,GBP,1.316363
2025-08-27,GBP,1.314612
2025-08-28,GBP,1.313485
2025-08-29,GBP,1.320175
2025-08-30,GBP,1.321781
2025-08-31,GBP,1.325462
2025-09-01,GBP,1.324901
2025-09-02,GBP,1.326896
2025-09-03,GBP,1.328141
2025-09-04,GBP,1.327119
2025-09-05,GBP,1.329251
2025-09-06,GBP,1.32237
2025-09-07,GBP,1.320852
2025-09-08,GBP,1.328207
2025-09-09,GBP,1.327112
2025-09-10,GBP,1.325808
2025-09-11,GBP,1.32435
2025-09-12,GBP,1.325388
2025-09-13,GBP,1.328045
2025-09-14,GBP,1.333629
2025-09-15,GBP,1.334209
2025-09-16,GBP,1.335861
2025-09-17,GBP,1.340935
2025-09-18,GBP,1.338045
2025-09-19,GBP,1.337249
2025-09-20,GBP,1.33327
2025-09-21,GBP,1.338823
2025-09-22,GBP,1.333703
2025-09-23,GBP,1.339513
2025-09-24,GBP,1.33801
2025-09-25,GBP,1.340478
2025-09-26,GBP,1.334768
2025-09-27,GBP,1.329095
2025-09-28,GBP,1.325578
2025-09-29,GBP,1.320205
2025-09-30,GBP,1.3141
2025-10-01,GBP,1.315431
2025-10-02,GBP,1.31408
2025-10-03,GBP,1.320694
2025-10-04,GBP,1.324182
2025-10-05,GBP,1.32353
2025-10-06,GBP,1.325858
2025-10-07,GBP,1.325229
2025-10-08,GBP,1.323985
2025-10-09,GBP,1.329281
2025-10-10,GBP,1.327815
2025-10-11,GBP,1.331567
2025-10-12,GBP,1.334947
2025-10-13,GBP,1.338463
2025-10-14,GBP,1.338609
2025-10-15,GBP,1.332342
2025-10-16,GBP,1.335149
2025-10-17,GBP,1.332883
2025-10-18,GBP,1.332149
2025-10-19,GBP,1.32966
2025-10-20,GBP,1.333568
2025-10-21,GBP,1.330525
2025-10-22,GBP,1.331961
2025-10-23,GBP,1.331128
2025-10-24,GBP,1.334613
2025-10-25,GBP,1.332181
2025-10-26,GBP,1.33515
2025-10-27,GBP,1.333674
2025-10-28,GBP,1.330944
2025-10-29,GBP,1.33286
2025-10-30,GBP,1.330578
2025-10-31,GBP,1.334247
2025-11-01,GBP,1.338501
2025-11-02,GBP,1.337055
2025-11-03,GBP,1.337256
2025-11-04,GBP,1.334881
2025-11-05,GBP,1.330578
2025-11-06,GBP,1.324462
2025-11-07,GBP,1.327874
2025-11-08,GBP,1.323287
2025-11-09,GBP,1.320572
2025-11-10,GBP,1.318042
2025-11-11,GBP,1.31416
2025-11-12,GBP,1.314898
2025-11-13,GBP,1.310694
2025-11-14,GBP,1.313773
2025-11-15,GBP,1.314539
2025-11-16,GBP,1.315118
2025-11-17,GBP,1.311403
2025-11-18,GBP,1.31081
2025-11-19,GBP,1.305601
2025-11-20,GBP,1.310164
2025-11-21,GBP,1.304138
2025-11-22,GBP,1.30046
2025-11-23,GBP,1.299094
2025-11-24,GBP,1.29901
2025-11-25,GBP,1.299379
2025-11-26,GBP,1.29812
2025-11-27,GBP,1.297215
2025-11-28,GBP,1.291028
2025-11-29,GBP,1.294906
2025-11-30,GBP,1.297408
2025-12-01,GBP,1.296679
2025-12-02,GBP,1.29412
2025-12-03,GBP,1.293048
2025-12-04,GBP,1.292794
2025-12-05,GBP,1.289219
2025-12-06,GBP,1.287374
2025-12-07,GBP,1.288066
2025-12-08,GBP,1.295571
2025-12-09,GBP,1.294996
2025-12-10,GBP,1.301834
2025-12-11,GBP,1.302776
2025-12-12,GBP,1.299703
2025-12-13,GBP,1.29494
2025-12-14,GBP,1.290456
2025-12-15,GBP,1.295454
2025-12-16,GBP,1.292787
2025-12-17,GBP,1.292563
2025-12-18,GBP,1.291227
2025-12-19,GBP,1.290906
2025-12-20,GBP,1.287272
2025-12-21,GBP,1.286192
2025-12-22,GBP,1.285695
2025-12-23,GBP,1.287323
2025-12-24,GBP,1.285959
2025-12-25,GBP,1.289075
2025-12-26,GBP,1.286355
2025-12-27,GBP,1.283075
2025-12-28,GBP,1.284113
2025-12-29,GBP,1.288975
2025-12-30,GBP,1.296306
2025-12-31,GBP,1.292028
2026-01-01,GBP,1.286928
2026-01-02,GBP,1.287499
2026-01-03,GBP,1.28328
2026-01-04,GBP,1.29093
2026-01-05,GBP,1.287804
2026-01-06,GBP,1.284913
2026-01-07,GBP,1.285107
2026-01-08,GBP,1.282013
2026-01-09,GBP,1.282402
2026-01-10,GBP,1.276082
2026-01-11,GBP,1.280438
2026-01-12,GBP,1.276025
2026-01-13,GBP,1.27353
2026-01-14,GBP,1.271001
2026-01-15,GBP,1.271133
2026-01-16,GBP,1.265092
2026-01-17,GBP,1.261104
2026-01-18,GBP,1.261958
2026-01-19,GBP,1.265498
2026-01-20,GBP,1.26223
2026-01-21,GBP,1.260874
2026-01-22,GBP,1.263455
2026-01-23,GBP,1.261602
2026-01-24,GBP,1.264605
2026-01-25,GBP,1.26197
2026-01-26,GBP,1.255958
2026-01-27,GBP,1.256862
2026-01-28,GBP,1.253631
2026-01-29,GBP,1.257157
2026-01-30,GBP,1.258903
2026-01-31,GBP,1.256948
2026-02-01,GBP,1.257834
2026-02-02,GBP,1.256562
2026-02-03,GBP,1.255645
2026-02-04,GBP,1.255014
2026-02-05,GBP,1.256834
2026-02-06,GBP,1.251695
2026-02-07,GBP,1.249801
2026-02-08,GBP,1.25631
2026-02-09,GBP,1.256068
2026-02-10,GBP,1.256262
2026-02-11,GBP,1.255986
2026-02-12,GBP,1.256336
2026-02-13,GBP,1.256226
2026-02-14,GBP,1.255498
2026-02-15,GBP,1.255407
2026-02-16,GBP,1.255701
2026-02-17,GBP,1.256439
2026-02-18,GBP,1.256458
2026-02-19,GBP,1.261162
2026-02-20,GBP,1.263637
2026-02-21,GBP,1.264187
2026-02-22,GBP,1.26571
2026-02-23,GBP,1.266378
2026-02-24,GBP,1.265895
2026-02-25,GBP,1.261607
2026-02-26,GBP,1.266962
2026-02-27,GBP,1.265395
2026-02-28,GBP,1.267149
2026-03-01,GBP,1.272248
2026-03-02,GBP,1.270564
2026-03-03,GBP,1.276777
2026-03-04,GBP,1.275646
2026-03-05,GBP,1.279509
2026-03-06,GBP,1.274107
2026-03-07,GBP,1.274725
2026-03-08,GBP,1.276599
2026-03-09,GBP,1.274961
2026-03-10,GBP,1.274214
2026-03-11,GBP,1.271283
2026-03-12,GBP,1.267324
2026-03-13,GBP,1.265106
2026-03-14,GBP,1.267087
2026-03-15,GBP,1.266613
2026-03-16,GBP,1.266764
2026-03-17,GBP,1.263069
2026-03-18,GBP,1.268027
2026-03-19,GBP,1.274468
2026-03-20,GBP,1.27673
2026-03-21,GBP,1.2767
2026-03-22,GBP,1.282886
2026-03-23,GBP,1.287579
2026-03-24,GBP,1.282748
2026-03-25,GBP,1.280186
2026-03-26,GBP,1.281605
2026-03-27,GBP,1.276496
2026-03-28,GBP,1.272303
2026-03-29,GBP,1.26604
2026-03-30,GBP,1.264071
2026-03-31,GBP,1.265307
2026-04-01,GBP,1.272341
2026-04-02,GBP,1.27212
2026-04-03,GBP,1.269091
2026-04-04,GBP,1.275792
2026-04-05,GBP,1.274355
2026-04-06,GBP,1.274223
2026-04-07,GBP,1.273602
2026-04-08,GBP,1.272723
2026-04-09,GBP,1.274162
2026-04-10,GBP,1.274555
2026-04-11,GBP,1.273651
2026-04-12,GBP,1.274735
2026-04-13,GBP,1.281928
2026-04-14,GBP,1.279623
2026-04-15,GBP,1.278825
2026-04-16,GBP,1.278533
2026-04-17,GBP,1.274825
2026-04-18,GBP,1.271612
2026-04-19,GBP,1.269789
2026-04-20,GBP,1.270726
2026-04-21,GBP,1.264765
2026-04-22,GBP,1.26116
2026-04-23,GBP,1.261443
2026-04-24,GBP,1.259442
2026-04-25,GBP,1.262054
2026-04-26,GBP,1.259785
2026-04-27,GBP,1.260559
2026-04-28,GBP,1.256774
2026-04-29,GBP,1.254047
2026-04-30,GBP,1.247937
2026-05-01,GBP,1.243496
2026-05-02,GBP,1.240984
2026-05-03,GBP,1.233644
2026-05-04,GBP,1.228795
2026-05-05,GBP,1.232826
2026-05-06,GBP,1.226178
2026-05-07,GBP,1.233256
2026-05-08,GBP,1.232727
2026-05-09,GBP,1.225726
2026-05-10,GBP,1.230448
2026-05-11,GBP,1.230049
2026-05-12,GBP,1.228705
2026-05-13,GBP,1.232017
2026-05-14,GBP,1.238006
2026-05-15,GBP,1.240468
2026-05-16,GBP,1.239518
2026-05-17,GBP,1.242176
2026-05-18,GBP,1.244406
2026-05-19,GBP,1.242844
2026-05-20,GBP,1.244047
2026-05-21,GBP,1.240562
2026-05-22,GBP,1.239699
2026-05-23,GBP,1.246055
2026-05-24,GBP,1.249417
2026-05-25,GBP,1.247405
2026-05-26,GBP,1.243226
2026-05-27,GBP,1.24656
2026-05-28,GBP,1.249916
2026-05-29,GBP,1.247263
2026-05-30,GBP,1.244354
2026-05-31,GBP,1.239971
2026-06-01,GBP,1.238206
2026-06-02,GBP,1.235703
2026-06-03,GBP,1.233869
2026-06-04,GBP,1.234162
2026-06-05,GBP,1.231973
2026-06-06,GBP,1.233217
2026-06-07,GBP,1.232768
2026-06-08,GBP,1.235878
2026-06-09,GBP,1.237785
2026-06-10,GBP,1.23294
2026-06-11,GBP,1.232148
2026-06-12,GBP,1.235166
2026-06-13,GBP,1.23222
2026-06-14,GBP,1.231531
2026-06-15,GBP,1.227219
2026-06-16,GBP,1.227905
2026-06-17,GBP,1.223238
2026-06-18,GBP,1.226028
2026-06-19,GBP,1.226488
2026-06-20,GBP,1.227308
2026-06-21,GBP,1.229069
2026-06-22,GBP,1.228674
2026-06-23,GBP,1.227578
2026-06-24,GBP,1.2255
2026-06-25,GBP,1.221742
2026-06-26,GBP,1.222511
2026-06-27,GBP,1.225398
2026-06-28,GBP,1.225243
2026-06-29,GBP,1.225301
2026-06-30,GBP,1.225772
2024-07-01,CNY,0.138678
2024-07-02,CNY,0.138773
2024-07-03,CNY,0.138803
2024-07-04,CNY,0.138976
2024-07-05,CNY,0.138867
2024-07-06,CNY,0.138788
2024-07-07,CNY,0.138683
2024-07-08,CNY,0.138536
2024-07-09,CNY,0.138271
2024-07-10,CNY,0.138279
2024-07-11,CNY,0.13826
2024-07-12,CNY,0.138062
2024-07-13,CNY,0.138007
2024-07-14,CNY,0.138047
2024-07-15,CNY,0.138292
2024-07-16,CNY,0.138241
2024-07-17,CNY,0.138241
2024-07-18,CNY,0.13822
2024-07-19,CNY,0.138215
2024-07-20,CNY,0.138157
2024-07-21,CNY,0.138078
2024-07-22,CNY,0.13804
2024-07-23,CNY,0.137977
2024-07-24,CNY,0.137988
2024-07-25,CNY,0.137878
2024-07-26,CNY,0.137751
2024-07-27,CNY,0.137782
2024-07-28,CNY,0.137743
2024-07-29,CNY,0.137881
2024-07-30,CNY,0.137917
2024-07-31,CNY,0.138114
2024-08-01,CNY,0.138048
2024-08-02,CNY,0.13796
2024-08-03,CNY,0.138074
2024-08-04,CNY,0.137911
2024-08-05,CNY,0.137793
2024-08-06,CNY,0.137854
2024-08-07,CNY,0.137879
2024-08-08,CNY,0.138054
2024-08-09,CNY,0.138141
2024-08-10,CNY,0.137993
2024-08-11,CNY,0.137975
2024-08-12,CNY,0.137903
2024-08-13,CNY,0.137897
2024-08-14,CNY,0.138083
2024-08-15,CNY,0.138116
2024-08-16,CNY,0.138104
2024-08-17,CNY,0.138152
2024-08-18,CNY,0.138069
2024-08-19,CNY,0.137924
2024-08-20,CNY,0.13812
2024-08-21,CNY,0.137888
2024-08-22,CNY,0.137958
2024-08-23,CNY,0.138047
2024-08-24,CNY,0.138306
2024-08-25,CNY,0.138311
2024-08-26,CNY,0.138591
2024-08-27,CNY,0.138487
2024-08-28,CNY,0.138584
2024-08-29,CNY,0.138624
2024-08-30,CNY,0.138583
2024-08-31,CNY,0.138478
2024-09-01,CNY,0.138636
2024-09-02,CNY,0.138689
2024-09-03,CNY,0.138693
2024-09-04,CNY,0.138687
2024-09-05,CNY,0.138615
2024-09-06,CNY,0.138372
2024-09-07,CNY,0.138371
2024-09-08,CNY,0.138233
2024-09-09,CNY,0.138422
2024-09-10,CNY,0.138428
2024-09-11,CNY,0.138345
2024-09-12,CNY,0.138327
2024-09-13,CNY,0.138492
2024-09-14,CNY,0.138342
2024-09-15,CNY,0.13816
2024-09-16,CNY,0.138258
2024-09-17,CNY,0.138378
2024-09-18,CNY,0.138422
2024-09-19,CNY,0.138456
2024-09-20,CNY,0.138564
2024-09-21,CNY,0.138455
2024-09-22,CNY,0.138381
2024-09-23,CNY,0.138276
2024-09-24,CNY,0.138121
2024-09-25,CNY,0.138201
2024-09-26,CNY,0.138133
2024-09-27,CNY,0.138221
2024-09-28,CNY,0.138205
2024-09-29,CNY,0.137944
2024-09-30,CNY,0.138076
2024-10-01,CNY,0.137912
2024-10-02,CNY,0.13784
2024-10-03,CNY,0.13775
2024-10-04,CNY,0.137776
2024-10-05,CNY,0.137579
2024-10-06,CNY,0.137739
2024-10-07,CNY,0.137577
2024-10-08,CNY,0.137458
2024-10-09,CNY,0.13745
2024-10-10,CNY,0.137815
2024-10-11,CNY,0.137737
2024-10-12,CNY,0.137517
2024-10-13,CNY,0.137635
2024-10-14,CNY,0.137611
2024-10-15,CNY,0.137395
2024-10-16,CNY,0.137316
2024-10-17,CNY,0.137439
2024-10-18,CNY,0.137356
2024-10-19,CNY,0.137336
2024-10-20,CNY,0.137441
2024-10-21,CNY,0.137318
2024-10-22,CNY,0.137119
2024-10-23,CNY,0.137183
2024-10-24,CNY,0.137325
2024-10-25,CNY,0.137409
2024-10-26,CNY,0.137376
2024-10-27,CNY,0.137583
2024-10-28,CNY,0.137553
2024-10-29,CNY,0.137677
2024-10-30,CNY,0.137798
2024-10-31,CNY,0.137874
2024-11-01,CNY,0.137994
2024-11-02,CNY,0.13814
2024-11-03,CNY,0.138067
2024-11-04,CNY,0.138104
2024-11-05,CNY,0.137986
2024-11-06,CNY,0.137984
2024-11-07,CNY,0.138029
2024-11-08,CNY,0.138146
2024-11-09,CNY,0.138318
2024-11-10,CNY,0.13841
2024-11-11,CNY,0.138397
2024-11-12,CNY,0.138544
2024-11-13,CNY,0.138508
2024-11-14,CNY,0.138368
2024-11-15,CNY,0.138389
2024-11-16,CNY,0.138378
2024-11-17,CNY,0.138341
2024-11-18,CNY,0.138306
2024-11-19,CNY,0.138436
2024-11-20,CNY,0.138527
2024-11-21,CNY,0.138565
2024-11-22,CNY,0.138588
2024-11-23,CNY,0.138666
2024-11-24,CNY,0.138666
2024-11-25,CNY,0.138655
2024-11-26,CNY,0.138697
2024-11-27,CNY,0.13849
2024-11-28,CNY,0.138694
2024-11-29,CNY,0.138704
2024-11-30,CNY,0.138554
2024-12-01,CNY,0.138491
2024-12-02,CNY,0.138435
2024-12-03,CNY,0.138487
2024-12-04,CNY,0.1385
2024-12-05,CNY,0.13859
2024-12-06,CNY,0.138686
2024-12-07,CNY,0.138855
2024-12-08,CNY,0.138942
2024-12-09,CNY,0.138956
2024-12-10,CNY,0.139006
2024-12-11,CNY,0.138852
2024-12-12,CNY,0.138854
2024-12-13,CNY,0.139022
2024-12-14,CNY,0.139058
2024-12-15,CNY,0.139114
2024-12-16,CNY,0.139288
2024-12-17,CNY,0.139338
2024-12-18,CNY,0.139295
2024-12-19,CNY,0.139264
2024-12-20,CNY,0.139292
2024-12-21,CNY,0.139394
2024-12-22,CNY,0.139284
2024-12-23,CNY,0.139249
2024-12-24,CNY,0.139405
2024-12-25,CNY,0.139358
2024-12-26,CNY,0.139251
2024-12-27,CNY,0.139337
2024-12-28,CNY,0.1395
2024-12-29,CNY,0.139369
2024-12-30,CNY,0.139228
2024-12-31,CNY,0.139314
2025-01-01,CNY,0.139277
2025-01-02,CNY,0.139335
2025-01-03,CNY,0.139361
2025-01-04,CNY,0.139362
2025-01-05,CNY,0.139837
2025-01-06,CNY,0.139668
2025-01-07,CNY,0.139608
2025-01-08,CNY,0.139662
2025-01-09,CNY,0.139648
2025-01-10,CNY,0.139801
2025-01-11,CNY,0.139678
2025-01-12,CNY,0.139682
2025-01-13,CNY,0.139809
2025-01-14,CNY,0.139834
2025-01-15,CNY,0.139822
2025-01-16,CNY,0.139848
2025-01-17,CNY,0.139873
2025-01-18,CNY,0.139937
2025-01-19,CNY,0.139949
2025-01-20,CNY,0.13973
2025-01-21,CNY,0.139694
2025-01-22,CNY,0.13987
2025-01-23,CNY,0.139948
2025-01-24,CNY,0.140046
2025-01-25,CNY,0.140139
2025-01-26,CNY,0.140279
2025-01-27,CNY,0.140156
2025-01-28,CNY,0.140235
2025-01-29,CNY,0.140121
2025-01-30,CNY,0.140102
2025-01-31,CNY,0.139992
2025-02-01,CNY,0.13981
2025-02-02,CNY,0.139902
2025-02-03,CNY,0.139983
2025-02-04,CNY,0.139932
2025-02-05,CNY,0.139938
2025-02-06,CNY,0.140038
2025-02-07,CNY,0.13994
2025-02-08,CNY,0.140081
2025-02-09,CNY,0.140008
2025-02-10,CNY,0.1399
2025-02-11,CNY,0.140046
2025-02-12,CNY,0.140317
2025-02-13,CNY,0.140203
2025-02-14,CNY,0.140262
2025-02-15,CNY,0.140216
2025-02-16,CNY,0.140265
2025-02-17,CNY,0.140275
2025-02-18,CNY,0.140481
2025-02-19,CNY,0.140419
2025-02-20,CNY,0.140515
2025-02-21,CNY,0.14051
2025-02-22,CNY,0.140304
2025-02-23,CNY,0.140256
2025-02-24,CNY,0.140362
2025-02-25,CNY,0.140482
2025-02-26,CNY,0.140208
2025-02-27,CNY,0.140257
2025-02-28,CNY,0.140401
2025-03-01,CNY,0.140359
2025-03-02,CNY,0.1403
2025-03-03,CNY,0.140197
2025-03-04,CNY,0.140418
2025-03-05,CNY,0.140501
2025-03-06,CNY,0.140683
2025-03-07,CNY,0.140736
2025-03-08,CNY,0.140552
2025-03-09,CNY,0.140625
2025-03-10,CNY,0.140816
2025-03-11,CNY,0.141018
2025-03-12,CNY,0.141111
2025-03-13,CNY,0.141272
2025-03-14,CNY,0.141307
2025-03-15,CNY,0.14132
2025-03-16,CNY,0.141209
2025-03-17,CNY,0.141306
2025-03-18,CNY,0.141452
2025-03-19,CNY,0.141404
2025-03-20,CNY,0.141382
2025-03-21,CNY,0.141366
2025-03-22,CNY,0.141226
2025-03-23,CNY,0.141275
2025-03-24,CNY,0.141164
2025-03-25,CNY,0.141167
2025-03-26,CNY,0.141217
2025-03-27,CNY,0.141143
2025-03-28,CNY,0.141081
2025-03-29,CNY,0.140871
2025-03-30,CNY,0.140851
2025-03-31,CNY,0.140963
2025-04-01,CNY,0.14116
2025-04-02,CNY,0.141131
2025-04-03,CNY,0.141131
2025-04-04,CNY,0.141197
2025-04-05,CNY,0.141233
2025-04-06,CNY,0.14119
2025-04-07,CNY,0.141099
2025-04-08,CNY,0.141208
2025-04-09,CNY,0.141235
2025-04-10,CNY,0.141416
2025-04-11,CNY,0.141565
2025-04-12,CNY,0.141637
2025-04-13,CNY,0.141768
2025-04-14,CNY,0.141726
2025-04-15,CNY,0.141614
2025-04-16,CNY,0.141689
2025-04-17,CNY,0.141896
2025-04-18,CNY,0.141883
2025-04-19,CNY,0.141844
2025-04-20,CNY,0.141963
2025-04-21,CNY,0.141934
2025-04-22,CNY,0.142059
2025-04-23,CNY,0.14176
2025-04-24,CNY,0.141737
2025-04-25,CNY,0.141883
2025-04-26,CNY,0.141924
2025-04-27,CNY,0.141913
2025-04-28,CNY,0.142153
2025-04-29,CNY,0.14206
2025-04-30,CNY,0.141771
2025-05-01,CNY,0.141655
2025-05-02,CNY,0.141768
2025-05-03,CNY,0.141946
2025-05-04,CNY,0.142079
2025-05-05,CNY,0.142129
2025-05-06,CNY,0.142255
2025-05-07,CNY,0.142124
2025-05-08,CNY,0.141984
2025-05-09,CNY,0.141828
2025-05-10,CNY,0.141885
2025-05-11,CNY,0.141577
2025-05-12,CNY,0.14173
2025-05-13,CNY,0.141851
2025-05-14,CNY,0.142048
2025-05-15,CNY,0.142125
2025-05-16,CNY,0.142237
2025-05-17,CNY,0.142242
2025-05-18,CNY,0.142336
2025-05-19,CNY,0.14253
2025-05-20,CNY,0.14235
2025-05-21,CNY,0.142444
2025-05-22,CNY,0.142433
2025-05-23,CNY,0.142425
2025-05-24,CNY,0.142365
2025-05-25,CNY,0.142289
2025-05-26,CNY,0.142391
2025-05-27,CNY,0.142234
2025-05-28,CNY,0.142413
2025-05-29,CNY,0.14245
2025-05-30,CNY,0.142334
2025-05-31,CNY,0.142509
2025-06-01,CNY,0.142616
2025-06-02,CNY,0.142758
2025-06-03,CNY,0.142936
2025-06-04,CNY,0.14291
2025-06-05,CNY,0.142887
2025-06-06,CNY,0.142823
2025-06-07,CNY,0.14275
2025-06-08,CNY,0.142634
2025-06-09,CNY,0.142384
2025-06-10,CNY,0.142439
2025-06-11,CNY,0.14247
2025-06-12,CNY,0.142433
2025-06-13,CNY,0.142557
2025-06-14,CNY,0.142752
2025-06-15,CNY,0.142724
2025-06-16,CNY,0.14268
2025-06-17,CNY,0.142799
2025-06-18,CNY,0.142803
2025-06-19,CNY,0.14295
2025-06-20,CNY,0.142915
2025-06-21,CNY,0.142889
2025-06-22,CNY,0.142991
2025-06-23,CNY,0.14299
2025-06-24,CNY,0.143288
2025-06-25,CNY,0.143342
2025-06-26,CNY,0.143373
2025-06-27,CNY,0.143423
2025-06-28,CNY,0.143582
2025-06-29,CNY,0.143511
2025-06-30,CNY,0.143475
2025-07-01,CNY,0.143485
2025-07-02,CNY,0.1437
2025-07-03,CNY,0.143903
2025-07-04,CNY,0.143923
2025-07-05,CNY,0.143947
2025-07-06,CNY,0.143851
2025-07-07,CNY,0.143714
2025-07-08,CNY,0.143542
2025-07-09,CNY,0.143615
2025-07-10,CNY,0.1436
2025-07-11,CNY,0.143583
2025-07-12,CNY,0.143658
2025-07-13,CNY,0.143602
2025-07-14,CNY,0.143703
2025-07-15,CNY,0.14371
2025-07-16,CNY,0.143568
2025-07-17,CNY,0.143635
2025-07-18,CNY,0.143766
2025-07-19,CNY,0.144005
2025-07-20,CNY,0.143992
2025-07-21,CNY,0.14397
2025-07-22,CNY,0.144222
2025-07-23,CNY,0.144418
2025-07-24,CNY,0.144352
2025-07-25,CNY,0.144116
2025-07-26,CNY,0.144108
2025-07-27,CNY,0.144126
2025-07-28,CNY,0.143926
2025-07-29,CNY,0.144005
2025-07-30,CNY,0.144054
2025-07-31,CNY,0.143939
2025-08-01,CNY,0.144198
2025-08-02,CNY,0.144144
2025-08-03,CNY,0.144083
2025-08-04,CNY,0.144102
2025-08-05,CNY,0.144086
2025-08-06,CNY,0.14416
2025-08-07,CNY,0.144349
2025-08-08,CNY,0.144352
2025-08-09,CNY,0.144315
2025-08-10,CNY,0.144336
2025-08-11,CNY,0.144353
2025-08-12,CNY,0.144343
2025-08-13,CNY,0.144225
2025-08-14,CNY,0.14424
2025-08-15,CNY,0.144277
2025-08-16,CNY,0.144401
2025-08-17,CNY,0.144298
2025-08-18,CNY,0.144463
2025-08-19,CNY,0.144514
2025-08-20,CNY,0.144556
2025-08-21,CNY,0.144504
2025-08-22,CNY,0.144433
2025-08-23,CNY,0.144625
2025-08-24,CNY,0.14453
2025-08-25,CNY,0.144546
2025-08-26,CNY,0.144549
2025-08-27,CNY,0.144223
2025-08-28,CNY,0.144048
2025-08-29,CNY,0.143962
2025-08-30,CNY,0.143988
2025-08-31,CNY,0.143957
2025-09-01,CNY,0.144035
2025-09-02,CNY,0.14404
2025-09-03,CNY,0.144107
2025-09-04,CNY,0.144161
2025-09-05,CNY,0.144039
2025-09-06,CNY,0.144017
2025-09-07,CNY,0.144236
2025-09-08,CNY,0.144334
2025-09-09,CNY,0.144431
2025-09-10,CNY,0.144518
2025-09-11,CNY,0.144634
2025-09-12,CNY,0.144606
2025-09-13,CNY,0.144643
2025-09-14,CNY,0.144687
2025-09-15,CNY,0.144816
2025-09-16,CNY,0.144824
2025-09-17,CNY,0.144777
2025-09-18,CNY,0.144831
2025-09-19,CNY,0.144756
2025-09-20,CNY,0.144533
2025-09-21,CNY,0.144339
2025-09-22,CNY,0.144295
2025-09-23,CNY,0.144294
2025-09-24,CNY,0.144505
2025-09-25,CNY,0.144613
2025-09-26,CNY,0.144533
2025-09-27,CNY,0.144519
2025-09-28,CNY,0.144423
2025-09-29,CNY,0.144506
2025-09-30,CNY,0.144365
2025-10-01,CNY,0.144177
2025-10-02,CNY,0.144098
2025-10-03,CNY,0.144101
2025-10-04,CNY,0.144107
2025-10-05,CNY,0.144147
2025-10-06,CNY,0.144218
2025-10-07,CNY,0.144271
2025-10-08,CNY,0.1444
2025-10-09,CNY,0.144243
2025-10-10,CNY,0.144094
2025-10-11,CNY,0.144362
2025-10-12,CNY,0.144649
2025-10-13,CNY,0.144638
2025-10-14,CNY,0.144716
2025-10-15,CNY,0.144782
2025-10-16,CNY,0.144677
2025-10-17,CNY,0.144818
2025-10-18,CNY,0.144897
2025-10-19,CNY,0.144607
2025-10-20,CNY,0.144675
2025-10-21,CNY,0.144747
2025-10-22,CNY,0.144597
2025-10-23,CNY,0.144536
2025-10-24,CNY,0.144624
2025-10-25,CNY,0.144461
2025-10-26,CNY,0.14437
2025-10-27,CNY,0.144521
2025-10-28,CNY,0.144447
2025-10-29,CNY,0.144461
2025-10-30,CNY,0.14454
2025-10-31,CNY,0.144268
2025-11-01,CNY,0.144186
2025-11-02,CNY,0.144122
2025-11-03,CNY,0.144198
2025-11-04,CNY,0.144136
2025-11-05,CNY,0.144113
2025-11-06,CNY,0.144079
2025-11-07,CNY,0.143865
2025-11-08,CNY,0.143997
2025-11-09,CNY,0.14394
2025-11-10,CNY,0.143915
2025-11-11,CNY,0.143933
2025-11-12,CNY,0.143689
2025-11-13,CNY,0.143645
2025-11-14,CNY,0.143845
2025-11-15,CNY,0.144059
2025-11-16,CNY,0.144198
2025-11-17,CNY,0.144024
2025-11-18,CNY,0.144004
2025-11-19,CNY,0.144039
2025-11-20,CNY,0.143916
2025-11-21,CNY,0.144019
2025-11-22,CNY,0.144173
2025-11-23,CNY,0.144057
2025-11-24,CNY,0.144095
2025-11-25,CNY,0.144017
2025-11-26,CNY,0.144187
2025-11-27,CNY,0.144182
2025-11-28,CNY,0.144293
2025-11-29,CNY,0.144378
2025-11-30,CNY,0.144409
2025-12-01,CNY,0.144298
2025-12-02,CNY,0.144388
2025-12-03,CNY,0.144371
2025-12-04,CNY,0.144306
2025-12-05,CNY,0.144291
2025-12-06,CNY,0.14412
2025-12-07,CNY,0.143971
2025-12-08,CNY,0.144121
2025-12-09,CNY,0.144425
2025-12-10,CNY,0.144453
2025-12-11,CNY,0.144279
2025-12-12,CNY,0.14445
2025-12-13,CNY,0.144378
2025-12-14,CNY,0.144653
2025-12-15,CNY,0.144968
2025-12-16,CNY,0.145024
2025-12-17,CNY,0.144942
2025-12-18,CNY,0.144681
2025-12-19,CNY,0.144389
2025-12-20,CNY,0.144417
2025-12-21,CNY,0.144561
2025-12-22,CNY,0.144612
2025-12-23,CNY,0.144617
2025-12-24,CNY,0.144435
2025-12-25,CNY,0.144535
2025-12-26,CNY,0.144379
2025-12-27,CNY,0.144447
2025-12-28,CNY,0.144621
2025-12-29,CNY,0.144651
2025-12-30,CNY,0.144451
2025-12-31,CNY,0.144235
2026-01-01,CNY,0.144346
2026-01-02,CNY,0.144155
2026-01-03,CNY,0.144076
2026-01-04,CNY,0.144171
2026-01-05,CNY,0.143982
2026-01-06,CNY,0.143946
2026-01-07,CNY,0.14403
2026-01-08,CNY,0.14415
2026-01-09,CNY,0.144207
2026-01-10,CNY,0.144147
2026-01-11,CNY,0.143895
2026-01-12,CNY,0.143702
2026-01-13,CNY,0.143667
2026-01-14,CNY,0.143834
2026-01-15,CNY,0.143869
2026-01-16,CNY,0.143841
2026-01-17,CNY,0.144056
2026-01-18,CNY,0.144153
2026-01-19,CNY,0.144335
2026-01-20,CNY,0.144364
2026-01-21,CNY,0.144394
2026-01-22,CNY,0.144402
2026-01-23,CNY,0.144274
2026-01-24,CNY,0.144286
2026-01-25,CNY,0.144303
2026-01-26,CNY,0.144286
2026-01-27,CNY,0.144233
2026-01-28,CNY,0.144439
2026-01-29,CNY,0.144394
2026-01-30,CNY,0.144503
2026-01-31,CNY,0.144632
2026-02-01,CNY,0.14437
2026-02-02,CNY,0.144461
2026-02-03,CNY,0.144442
2026-02-04,CNY,0.144501
2026-02-05,CNY,0.144811
2026-02-06,CNY,0.144636
2026-02-07,CNY,0.14466
2026-02-08,CNY,0.144807
2026-02-09,CNY,0.144616
2026-02-10,CNY,0.144562
2026-02-11,CNY,0.144634
2026-02-12,CNY,0.144737
2026-02-13,CNY,0.144762
2026-02-14,CNY,0.144795
2026-02-15,CNY,0.145176
2026-02-16,CNY,0.145186
2026-02-17,CNY,0.145138
2026-02-18,CNY,0.144834
2026-02-19,CNY,0.144761
2026-02-20,CNY,0.145005
2026-02-21,CNY,0.145096
2026-02-22,CNY,0.145183
2026-02-23,CNY,0.145221
2026-02-24,CNY,0.145295
2026-02-25,CNY,0.145156
2026-02-26,CNY,0.14506
2026-02-27,CNY,0.145074
2026-02-28,CNY,0.1448
2026-03-01,CNY,0.144896
2026-03-02,CNY,0.144844
2026-03-03,CNY,0.144919
2026-03-04,CNY,0.144847
2026-03-05,CNY,0.144786
2026-03-06,CNY,0.144788
2026-03-07,CNY,0.144777
2026-03-08,CNY,0.144796
2026-03-09,CNY,0.144902
2026-03-10,CNY,0.14463
2026-03-11,CNY,0.144508
2026-03-12,CNY,0.144694
2026-03-13,CNY,0.144572
2026-03-14,CNY,0.144567
2026-03-15,CNY,0.144601
2026-03-16,CNY,0.144674
2026-03-17,CNY,0.144398
2026-03-18,CNY,0.1446
2026-03-19,CNY,0.144614
2026-03-20,CNY,0.144433
2026-03-21,CNY,0.144529
2026-03-22,CNY,0.144549
2026-03-23,CNY,0.144719
2026-03-24,CNY,0.144738
2026-03-25,CNY,0.14492
2026-03-26,CNY,0.144811
2026-03-27,CNY,0.144636
2026-03-28,CNY,0.144592
2026-03-29,CNY,0.144499
2026-03-30,CNY,0.144362
2026-03-31,CNY,0.144373
2026-04-01,CNY,0.143994
2026-04-02,CNY,0.144003
2026-04-03,CNY,0.144229
2026-04-04,CNY,0.144135
2026-04-05,CNY,0.144236
2026-04-06,CNY,0.144262
2026-04-07,CNY,0.144253
2026-04-08,CNY,0.144338
2026-04-09,CNY,0.144454
2026-04-10,CNY,0.144291
2026-04-11,CNY,0.144283
2026-04-12,CNY,0.144422
2026-04-13,CNY,0.144519
2026-04-14,CNY,0.14457
2026-04-15,CNY,0.144586
2026-04-16,CNY,0.144591
2026-04-17,CNY,0.14448
2026-04-18,CNY,0.144458
2026-04-19,CNY,0.14444
2026-04-20,CNY,0.144337
2026-04-21,CNY,0.14446
2026-04-22,CNY,0.144426
2026-04-23,CNY,0.144321
2026-04-24,CNY,0.144266
2026-04-25,CNY,0.144181
2026-04-26,CNY,0.144032
2026-04-27,CNY,0.144082
2026-04-28,CNY,0.144111
2026-04-29,CNY,0.144257
2026-04-30,CNY,0.144203
2026-05-01,CNY,0.144064
2026-05-02,CNY,0.14391
2026-05-03,CNY,0.144094
2026-05-04,CNY,0.144216
2026-05-05,CNY,0.144326
2026-05-06,CNY,0.144467
2026-05-07,CNY,0.144267
2026-05-08,CNY,0.144342
2026-05-09,CNY,0.144259
2026-05-10,CNY,0.144154
2026-05-11,CNY,0.144093
2026-05-12,CNY,0.144125
2026-05-13,CNY,0.144105
2026-05-14,CNY,0.144185
2026-05-15,CNY,0.144055
2026-05-16,CNY,0.144029
2026-05-17,CNY,0.144045
2026-05-18,CNY,0.143858
2026-05-19,CNY,0.144068
2026-05-20,CNY,0.144116
2026-05-21,CNY,0.144112
2026-05-22,CNY,0.144021
2026-05-23,CNY,0.143973
2026-05-24,CNY,0.143947
2026-05-25,CNY,0.143949
2026-05-26,CNY,0.143938
2026-05-27,CNY,0.143965
2026-05-28,CNY,0.143993
2026-05-29,CNY,0.143842
2026-05-30,CNY,0.143789
2026-05-31,CNY,0.143997
2026-06-01,CNY,0.14387
2026-06-02,CNY,0.143686
2026-06-03,CNY,0.143672
2026-06-04,CNY,0.143666
2026-06-05,CNY,0.143617
2026-06-06,CNY,0.143772
2026-06-07,CNY,0.143808
2026-06-08,CNY,0.143777
2026-06-09,CNY,0.143513
2026-06-10,CNY,0.143301
2026-06-11,CNY,0.14325
2026-06-12,CNY,0.143223
2026-06-13,CNY,0.143107
2026-06-14,CNY,0.143162
2026-06-15,CNY,0.143364
2026-06-16,CNY,0.143385
2026-06-17,CNY,0.143457
2026-06-18,CNY,0.143488
2026-06-19,CNY,0.143424
2026-06-20,CNY,0.143477
2026-06-21,CNY,0.143413
2026-06-22,CNY,0.143388
2026-06-23,CNY,0.143472
2026-06-24,CNY,0.143406
2026-06-25,CNY,0.143376
2026-06-26,CNY,0.143413
2026-06-27,CNY,0.143168
2026-06-28,CNY,0.143061
2026-06-29,CNY,0.143035
2026-06-30,CNY,0.142816
2024-07-01,UAH,0.024174
2024-07-02,UAH,0.024153
2024-07-03,UAH,0.024197
2024-07-04,UAH,0.02412
2024-07-05,UAH,0.024109
2024-07-06,UAH,0.024082
2024-07-07,UAH,0.024082
2024-07-08,UAH,0.024001
2024-07-09,UAH,0.024
2024-07-10,UAH,0.023987
2024-07-11,UAH,0.023965
2024-07-12,UAH,0.023968
2024-07-13,UAH,0.023991
2024-07-14,UAH,0.024021
2024-07-15,UAH,0.024006
2024-07-16,UAH,0.023992
2024-07-17,UAH,0.02398
2024-07-18,UAH,0.023973
2024-07-19,UAH,0.023969
2024-07-20,UAH,0.02396
2024-07-21,UAH,0.023965
2024-07-22,UAH,0.023997
2024-07-23,UAH,0.023993
2024-07-24,UAH,0.024018
2024-07-25,UAH,0.024013
2024-07-26,UAH,0.023997
2024-07-27,UAH,0.023992
2024-07-28,UAH,0.023988
2024-07-29,UAH,0.023941
2024-07-30,UAH,0.023993
2024-07-31,UAH,0.023996
2024-08-01,UAH,0.024008
2024-08-02,UAH,0.023993
2024-08-03,UAH,0.023972
2024-08-04,UAH,0.023958
2024-08-05,UAH,0.023973
2024-08-06,UAH,0.023945
2024-08-07,UAH,0.023911
2024-08-08,UAH,0.023925
2024-08-09,UAH,0.023931
2024-08-10,UAH,0.023938
2024-08-11,UAH,0.023912
2024-08-12,UAH,0.023913
2024-08-13,UAH,0.023913
2024-08-14,UAH,0.023949
2024-08-15,UAH,0.023923
2024-08-16,UAH,0.023935
2024-08-17,UAH,0.023947
2024-08-18,UAH,0.023975
2024-08-19,UAH,0.023986
2024-08-20,UAH,0.024006
2024-08-21,UAH,0.023961
2024-08-22,UAH,0.023941
2024-08-23,UAH,0.023979
2024-08-24,UAH,0.02398
2024-08-25,UAH,0.023931
2024-08-26,UAH,0.02393
2024-08-27,UAH,0.023908
2024-08-28,UAH,0.023917
2024-08-29,UAH,0.023924
2024-08-30,UAH,0.023937
2024-08-31,UAH,0.023928
2024-09-01,UAH,0.023963
2024-09-02,UAH,0.023953
2024-09-03,UAH,0.023967
2024-09-04,UAH,0.02396
2024-09-05,UAH,0.024002
2024-09-06,UAH,0.023999
2024-09-07,UAH,0.024026
2024-09-08,UAH,0.024039
2024-09-09,UAH,0.024005
2024-09-10,UAH,0.023982
2024-09-11,UAH,0.024008
2024-09-12,UAH,0.024033
2024-09-13,UAH,0.024009
2024-09-14,UAH,0.02398
2024-09-15,UAH,0.024025
2024-09-16,UAH,0.024002
2024-09-17,UAH,0.024026
2024-09-18,UAH,0.024025
2024-09-19,UAH,0.023979
2024-09-20,UAH,0.023939
2024-09-21,UAH,0.023931
2024-09-22,UAH,0.023936
2024-09-23,UAH,0.023963
2024-09-24,UAH,0.023971
2024-09-25,UAH,0.023989
2024-09-26,UAH,0.024021
2024-09-27,UAH,0.024028
2024-09-28,UAH,0.024019
2024-09-29,UAH,0.024032
2024-09-30,UAH,0.024023
2024-10-01,UAH,0.024013
2024-10-02,UAH,0.024041
2024-10-03,UAH,0.024048
2024-10-04,UAH,0.024036
2024-10-05,UAH,0.024058
2024-10-06,UAH,0.024088
2024-10-07,UAH,0.024102
2024-10-08,UAH,0.024112
2024-10-09,UAH,0.024074
2024-10-10,UAH,0.024043
2024-10-11,UAH,0.024068
2024-10-12,UAH,0.024116
2024-10-13,UAH,0.024139
2024-10-14,UAH,0.02414
2024-10-15,UAH,0.024148
2024-10-16,UAH,0.024107
2024-10-17,UAH,0.024125
2024-10-18,UAH,0.024089
2024-10-19,UAH,0.024078
2024-10-20,UAH,0.024103
2024-10-21,UAH,0.024094
2024-10-22,UAH,0.0241
2024-10-23,UAH,0.024136
2024-10-24,UAH,0.024149
2024-10-25,UAH,0.024158
2024-10-26,UAH,0.024117
2024-10-27,UAH,0.02407
2024-10-28,UAH,0.024067
2024-10-29,UAH,0.024038
2024-10-30,UAH,0.024044
2024-10-31,UAH,0.024057
2024-11-01,UAH,0.02408
2024-11-02,UAH,0.024045
2024-11-03,UAH,0.024041
2024-11-04,UAH,0.024048
2024-11-05,UAH,0.024058
2024-11-06,UAH,0.024006
2024-11-07,UAH,0.023996
2024-11-08,UAH,0.02402
2024-11-09,UAH,0.024063
2024-11-10,UAH,0.024001
2024-11-11,UAH,0.024027
2024-11-12,UAH,0.024004
2024-11-13,UAH,0.024018
2024-11-14,UAH,0.024035
2024-11-15,UAH,0.024025
2024-11-16,UAH,0.024004
2024-11-17,UAH,0.023981
2024-11-18,UAH,0.023986
2024-11-19,UAH,0.023957
2024-11-20,UAH,0.023923
2024-11-21,UAH,0.023939
2024-11-22,UAH,0.023947
2024-11-23,UAH,0.023944
2024-11-24,UAH,0.023971
2024-11-25,UAH,0.023983
2024-11-26,UAH,0.023966
2024-11-27,UAH,0.02402
2024-11-28,UAH,0.024048
2024-11-29,UAH,0.024058
2024-11-30,UAH,0.024059
2024-12-01,UAH,0.024063
2024-12-02,UAH,0.024017
2024-12-03,UAH,0.024072
2024-12-04,UAH,0.024069
2024-12-05,UAH,0.024078
2024-12-06,UAH,0.024069
2024-12-07,UAH,0.024031
2024-12-08,UAH,0.024016
2024-12-09,UAH,0.023988
2024-12-10,UAH,0.023985
2024-12-11,UAH,0.023982
2024-12-12,UAH,0.024
2024-12-13,UAH,0.024009
2024-12-14,UAH,0.023998
2024-12-15,UAH,0.02398
2024-12-16,UAH,0.023996
2024-12-17,UAH,0.023983
2024-12-18,UAH,0.023977
2024-12-19,UAH,0.023997
2024-12-20,UAH,0.023954
2024-12-21,UAH,0.023987
2024-12-22,UAH,0.023944
2024-12-23,UAH,0.023911
2024-12-24,UAH,0.02388
2024-12-25,UAH,0.023841
2024-12-26,UAH,0.023866
2024-12-27,UAH,0.023908
2024-12-28,UAH,0.02395
2024-12-29,UAH,0.023971
2024-12-30,UAH,0.023973
2024-12-31,UAH,0.023992
2025-01-01,UAH,0.023975
2025-01-02,UAH,0.023945
2025-01-03,UAH,0.023964
2025-01-04,UAH,0.023903
2025-01-05,UAH,0.023926
2025-01-06,UAH,0.023936
2025-01-07,UAH,0.023927
2025-01-08,UAH,0.023909
2025-01-09,UAH,0.023919
2025-01-10,UAH,0.023949
2025-01-11,UAH,0.023932
2025-01-12,UAH,0.023918
2025-01-13,UAH,0.023921
2025-01-14,UAH,0.02394
2025-01-15,UAH,0.023917
2025-01-16,UAH,0.023987
2025-01-17,UAH,0.024008
2025-01-18,UAH,0.023976
2025-01-19,UAH,0.024018
2025-01-20,UAH,0.024002
2025-01-21,UAH,0.024049
2025-01-22,UAH,0.023986
2025-01-23,UAH,0.024008
2025-01-24,UAH,0.023961
2025-01-25,UAH,0.023993
2025-01-26,UAH,0.02403
2025-01-27,UAH,0.024026
2025-01-28,UAH,0.024067
2025-01-29,UAH,0.024058
2025-01-30,UAH,0.024042
2025-01-31,UAH,0.024019
2025-02-01,UAH,0.024027
2025-02-02,UAH,0.024036
2025-02-03,UAH,0.024082
2025-02-04,UAH,0.0241
2025-02-05,UAH,0.024118
2025-02-06,UAH,0.024161
2025-02-07,UAH,0.024161
2025-02-08,UAH,0.024174
2025-02-09,UAH,0.024158
2025-02-10,UAH,0.024179
2025-02-11,UAH,0.024143
2025-02-12,UAH,0.02409
2025-02-13,UAH,0.024077
2025-02-14,UAH,0.024124
2025-02-15,UAH,0.024128
2025-02-16,UAH,0.024092
2025-02-17,UAH,0.024081
2025-02-18,UAH,0.024141
2025-02-19,UAH,0.024118
2025-02-20,UAH,0.024106
2025-02-21,UAH,0.024127
2025-02-22,UAH,0.024114
2025-02-23,UAH,0.024114
2025-02-24,UAH,0.02414
2025-02-25,UAH,0.024161
2025-02-26,UAH,0.024152
2025-02-27,UAH,0.024148
2025-02-28,UAH,0.024086
2025-03-01,UAH,0.02408
2025-03-02,UAH,0.024062
2025-03-03,UAH,0.024049
2025-03-04,UAH,0.024057
2025-03-05,UAH,0.024044
2025-03-06,UAH,0.024032
2025-03-07,UAH,0.024072
2025-03-08,UAH,0.024058
2025-03-09,UAH,0.024055
2025-03-10,UAH,0.024049
2025-03-11,UAH,0.024063
2025-03-12,UAH,0.024067
2025-03-13,UAH,0.024098
2025-03-14,UAH,0.024042
2025-03-15,UAH,0.02404
2025-03-16,UAH,0.024034
2025-03-17,UAH,0.023994
2025-03-18,UAH,0.024024
2025-03-19,UAH,0.024035
2025-03-20,UAH,0.02406
2025-03-21,UAH,0.024061
2025-03-22,UAH,0.024076
2025-03-23,UAH,0.024061
2025-03-24,UAH,0.024058
2025-03-25,UAH,0.024043
2025-03-26,UAH,0.024042
2025-03-27,UAH,0.024082
2025-03-28,UAH,0.024023
2025-03-29,UAH,0.024081
2025-03-30,UAH,0.024048
2025-03-31,UAH,0.02406
2025-04-01,UAH,0.024036
2025-04-02,UAH,0.024056
2025-04-03,UAH,0.024076
2025-04-04,UAH,0.024019
2025-04-05,UAH,0.024016
2025-04-06,UAH,0.024036
2025-04-07,UAH,0.024021
2025-04-08,UAH,0.023991
2025-04-09,UAH,0.023974
2025-04-10,UAH,0.023932
2025-04-11,UAH,0.023949
2025-04-12,UAH,0.023926
2025-04-13,UAH,0.023959
2025-04-14,UAH,0.023958
2025-04-15,UAH,0.023982
2025-04-16,UAH,0.024
2025-04-17,UAH,0.024055
2025-04-18,UAH,0.024048
2025-04-19,UAH,0.024051
2025-04-20,UAH,0.024111
2025-04-21,UAH,0.024126
2025-04-22,UAH,0.024108
2025-04-23,UAH,0.024133
2025-04-24,UAH,0.024128
2025-04-25,UAH,0.024129
2025-04-26,UAH,0.024139
2025-04-27,UAH,0.024132
2025-04-28,UAH,0.024097
2025-04-29,UAH,0.024047
2025-04-30,UAH,0.024039
2025-05-01,UAH,0.024065
2025-05-02,UAH,0.024074
2025-05-03,UAH,0.024103
2025-05-04,UAH,0.024081
2025-05-05,UAH,0.02408
2025-05-06,UAH,0.02407
2025-05-07,UAH,0.024026
2025-05-08,UAH,0.024009
2025-05-09,UAH,0.02398
2025-05-10,UAH,0.024003
2025-05-11,UAH,0.023998
2025-05-12,UAH,0.023968
2025-05-13,UAH,0.023978
2025-05-14,UAH,0.023951
2025-05-15,UAH,0.023932
2025-05-16,UAH,0.023964
2025-05-17,UAH,0.023965
2025-05-18,UAH,0.02396
2025-05-19,UAH,0.023952
2025-05-20,UAH,0.023934
2025-05-21,UAH,0.023966
2025-05-22,UAH,0.023957
2025-05-23,UAH,0.023979
2025-05-24,UAH,0.023924
2025-05-25,UAH,0.023888
2025-05-26,UAH,0.023927
2025-05-27,UAH,0.023958
2025-05-28,UAH,0.024006
2025-05-29,UAH,0.024023
2025-05-30,UAH,0.024015
2025-05-31,UAH,0.024009
2025-06-01,UAH,0.024015
2025-06-02,UAH,0.023992
2025-06-03,UAH,0.024006
2025-06-04,UAH,0.024023
2025-06-05,UAH,0.023996
2025-06-06,UAH,0.024047
2025-06-07,UAH,0.024018
2025-06-08,UAH,0.024027
2025-06-09,UAH,0.024002
2025-06-10,UAH,0.024004
2025-06-11,UAH,0.024011
2025-06-12,UAH,0.024006
2025-06-13,UAH,0.023979
2025-06-14,UAH,0.023975
2025-06-15,UAH,0.023956
2025-06-16,UAH,0.023967
2025-06-17,UAH,0.023974
2025-06-18,UAH,0.023969
2025-06-19,UAH,0.023948
2025-06-20,UAH,0.023999
2025-06-21,UAH,0.023961
2025-06-22,UAH,0.023937
2025-06-23,UAH,0.023949
2025-06-24,UAH,0.023923
2025-06-25,UAH,0.023927
2025-06-26,UAH,0.023903
2025-06-27,UAH,0.023914
2025-06-28,UAH,0.023847
2025-06-29,UAH,0.02384
2025-06-30,UAH,0.023818
2025-07-01,UAH,0.023807
2025-07-02,UAH,0.023887
2025-07-03,UAH,0.02389
2025-07-04,UAH,0.02392
2025-07-05,UAH,0.023914
2025-07-06,UAH,0.023935
2025-07-07,UAH,0.023969
2025-07-08,UAH,0.023961
2025-07-09,UAH,0.023953
2025-07-10,UAH,0.023967
2025-07-11,UAH,0.023967
2025-07-12,UAH,0.024017
2025-07-13,UAH,0.024014
2025-07-14,UAH,0.024059
2025-07-15,UAH,0.024033
2025-07-16,UAH,0.024034
2025-07-17,UAH,0.024024
2025-07-18,UAH,0.024005
2025-07-19,UAH,0.024038
2025-07-20,UAH,0.024037
2025-07-21,UAH,0.02407
2025-07-22,UAH,0.024066
2025-07-23,UAH,0.024055
2025-07-24,UAH,0.024082
2025-07-25,UAH,0.024091
2025-07-26,UAH,0.024124
2025-07-27,UAH,0.024086
2025-07-28,UAH,0.024148
2025-07-29,UAH,0.024151
2025-07-30,UAH,0.024132
2025-07-31,UAH,0.024146
2025-08-01,UAH,0.024118
2025-08-02,UAH,0.024056
2025-08-03,UAH,0.024083
2025-08-04,UAH,0.024054
2025-08-05,UAH,0.024041
2025-08-06,UAH,0.024047
2025-08-07,UAH,0.024026
2025-08-08,UAH,0.024036
2025-08-09,UAH,0.02403
2025-08-10,UAH,0.02401
2025-08-11,UAH,0.024029
2025-08-12,UAH,0.02408
2025-08-13,UAH,0.024045
2025-08-14,UAH,0.02403
2025-08-15,UAH,0.024076
2025-08-16,UAH,0.024089
2025-08-17,UAH,0.024084
2025-08-18,UAH,0.024093
2025-08-19,UAH,0.02411
2025-08-20,UAH,0.024109
2025-08-21,UAH,0.024103
2025-08-22,UAH,0.024064
2025-08-23,UAH,0.024071
2025-08-24,UAH,0.02405
2025-08-25,UAH,0.024044
2025-08-26,UAH,0.024021
2025-08-27,UAH,0.02403
2025-08-28,UAH,0.024048
2025-08-29,UAH,0.02401
2025-08-30,UAH,0.024021
2025-08-31,UAH,0.024071
2025-09-01,UAH,0.024089
2025-09-02,UAH,0.024046
2025-09-03,UAH,0.02404
2025-09-04,UAH,0.024017
2025-09-05,UAH,0.023983
2025-09-06,UAH,0.024011
2025-09-07,UAH,0.02406
2025-09-08,UAH,0.024088
2025-09-09,UAH,0.024058
2025-09-10,UAH,0.024064
2025-09-11,UAH,0.024068
2025-09-12,UAH,0.024049
2025-09-13,UAH,0.024113
2025-09-14,UAH,0.024091
2025-09-15,UAH,0.024062
2025-09-16,UAH,0.024079
2025-09-17,UAH,0.024097
2025-09-18,UAH,0.024082
2025-09-19,UAH,0.024088
2025-09-20,UAH,0.024097
2025-09-21,UAH,0.02408
2025-09-22,UAH,0.024081
2025-09-23,UAH,0.024085
2025-09-24,UAH,0.02411
2025-09-25,UAH,0.024037
2025-09-26,UAH,0.024054
2025-09-27,UAH,0.024055
2025-09-28,UAH,0.024027
2025-09-29,UAH,0.024054
2025-09-30,UAH,0.024103
2025-10-01,UAH,0.024114
2025-10-02,UAH,0.024097
2025-10-03,UAH,0.02409
2025-10-04,UAH,0.02409
2025-10-05,UAH,0.024069
2025-10-06,UAH,0.024065
2025-10-07,UAH,0.024071
2025-10-08,UAH,0.024082
2025-10-09,UAH,0.024068
2025-10-10,UAH,0.024045
2025-10-11,UAH,0.024055
2025-10-12,UAH,0.024087
2025-10-13,UAH,0.024148
2025-10-14,UAH,0.024095
2025-10-15,UAH,0.02408
2025-10-16,UAH,0.024114
2025-10-17,UAH,0.024107
2025-10-18,UAH,0.024067
2025-10-19,UAH,0.024052
2025-10-20,UAH,0.024066
2025-10-21,UAH,0.024049
2025-10-22,UAH,0.024082
2025-10-23,UAH,0.024093
2025-10-24,UAH,0.024087
2025-10-25,UAH,0.024115
2025-10-26,UAH,0.024095
2025-10-27,UAH,0.024104
2025-10-28,UAH,0.024114
2025-10-29,UAH,0.024096
2025-10-30,UAH,0.024123
2025-10-31,UAH,0.024124
2025-11-01,UAH,0.024152
2025-11-02,UAH,0.02415
2025-11-03,UAH,0.024129
2025-11-04,UAH,0.024125
2025-11-05,UAH,0.024097
2025-11-06,UAH,0.02409
2025-11-07,UAH,0.024112
2025-11-08,UAH,0.024082
2025-11-09,UAH,0.024136
2025-11-10,UAH,0.024107
2025-11-11,UAH,0.024145
2025-11-12,UAH,0.024158
2025-11-13,UAH,0.024172
2025-11-14,UAH,0.024201
2025-11-15,UAH,0.024225
2025-11-16,UAH,0.024227
2025-11-17,UAH,0.02423
2025-11-18,UAH,0.024235
2025-11-19,UAH,0.024238
2025-11-20,UAH,0.024219
2025-11-21,UAH,0.024208
2025-11-22,UAH,0.024219
2025-11-23,UAH,0.024157
2025-11-24,UAH,0.024148
2025-11-25,UAH,0.024145
2025-11-26,UAH,0.024152
2025-11-27,UAH,0.024157
2025-11-28,UAH,0.02407
2025-11-29,UAH,0.024094
2025-11-30,UAH,0.02413
2025-12-01,UAH,0.024155
2025-12-02,UAH,0.024166
2025-12-03,UAH,0.024163
2025-12-04,UAH,0.024166
2025-12-05,UAH,0.02416
2025-12-06,UAH,0.024176
2025-12-07,UAH,0.024135
2025-12-08,UAH,0.024173
2025-12-09,UAH,0.024158
2025-12-10,UAH,0.024155
2025-12-11,UAH,0.024149
2025-12-12,UAH,0.024162
2025-12-13,UAH,0.024223
2025-12-14,UAH,0.024259
2025-12-15,UAH,0.02426
2025-12-16,UAH,0.024265
2025-12-17,UAH,0.024261
2025-12-18,UAH,0.02429
2025-12-19,UAH,0.024279
2025-12-20,UAH,0.02426
2025-12-21,UAH,0.024251
2025-12-22,UAH,0.024254
2025-12-23,UAH,0.024266
2025-12-24,UAH,0.024285
2025-12-25,UAH,0.024316
2025-12-26,UAH,0.024355
2025-12-27,UAH,0.024415
2025-12-28,UAH,0.024432
2025-12-29,UAH,0.024474
2025-12-30,UAH,0.024444
2025-12-31,UAH,0.02448
2026-01-01,UAH,0.024498
2026-01-02,UAH,0.024507
2026-01-03,UAH,0.024514
2026-01-04,UAH,0.024557
2026-01-05,UAH,0.024527
2026-01-06,UAH,0.024524
2026-01-07,UAH,0.024516
2026-01-08,UAH,0.024479
2026-01-09,UAH,0.024484
2026-01-10,UAH,0.024438
2026-01-11,UAH,0.024405
2026-01-12,UAH,0.024403
2026-01-13,UAH,0.024418
2026-01-14,UAH,0.024425
2026-01-15,UAH,0.024417
2026-01-16,UAH,0.024424
2026-01-17,UAH,0.024401
2026-01-18,UAH,0.024435
2026-01-19,UAH,0.024438
2026-01-20,UAH,0.024413
2026-01-21,UAH,0.024401
2026-01-22,UAH,0.024404
2026-01-23,UAH,0.024377
2026-01-24,UAH,0.024332
2026-01-25,UAH,0.02429
2026-01-26,UAH,0.024295
2026-01-27,UAH,0.024326
2026-01-28,UAH,0.024325
2026-01-29,UAH,0.024324
2026-01-30,UAH,0.024313
2026-01-31,UAH,0.024334
2026-02-01,UAH,0.024335
2026-02-02,UAH,0.024348
2026-02-03,UAH,0.024339
2026-02-04,UAH,0.024359
2026-02-05,UAH,0.024357
2026-02-06,UAH,0.024379
2026-02-07,UAH,0.024339
2026-02-08,UAH,0.024347
2026-02-09,UAH,0.02438
2026-02-10,UAH,0.024433
2026-02-11,UAH,0.024467
2026-02-12,UAH,0.024459
2026-02-13,UAH,0.024493
2026-02-14,UAH,0.024441
2026-02-15,UAH,0.024452
2026-02-16,UAH,0.024486
2026-02-17,UAH,0.024449
2026-02-18,UAH,0.024427
2026-02-19,UAH,0.024473
2026-02-20,UAH,0.024476
2026-02-21,UAH,0.024442
2026-02-22,UAH,0.024422
2026-02-23,UAH,0.024414
2026-02-24,UAH,0.024388
2026-02-25,UAH,0.024404
2026-02-26,UAH,0.024433
2026-02-27,UAH,0.024433
2026-02-28,UAH,0.024443
2026-03-01,UAH,0.024396
2026-03-02,UAH,0.024405
2026-03-03,UAH,0.024422
2026-03-04,UAH,0.024421
2026-03-05,UAH,0.024406
2026-03-06,UAH,0.024421
2026-03-07,UAH,0.024441
2026-03-08,UAH,0.024444
2026-03-09,UAH,0.024459
2026-03-10,UAH,0.024474
2026-03-11,UAH,0.024442
2026-03-12,UAH,0.024423
2026-03-13,UAH,0.024402
2026-03-14,UAH,0.024414
2026-03-15,UAH,0.024364
2026-03-16,UAH,0.024341
2026-03-17,UAH,0.024346
2026-03-18,UAH,0.02434
2026-03-19,UAH,0.024366
2026-03-20,UAH,0.024347
2026-03-21,UAH,0.024354
2026-03-22,UAH,0.024337
2026-03-23,UAH,0.024296
2026-03-24,UAH,0.024335
2026-03-25,UAH,0.02437
2026-03-26,UAH,0.024365
2026-03-27,UAH,0.024344
2026-03-28,UAH,0.024383
2026-03-29,UAH,0.024348
2026-03-30,UAH,0.024334
2026-03-31,UAH,0.024374
2026-04-01,UAH,0.024421
2026-04-02,UAH,0.024393
2026-04-03,UAH,0.024366
2026-04-04,UAH,0.024353
2026-04-05,UAH,0.02434
2026-04-06,UAH,0.024325
2026-04-07,UAH,0.024335
2026-04-08,UAH,0.024337
2026-04-09,UAH,0.024351
2026-04-10,UAH,0.024372
2026-04-11,UAH,0.024451
2026-04-12,UAH,0.024446
2026-04-13,UAH,0.024409
2026-04-14,UAH,0.024439
2026-04-15,UAH,0.024454
2026-04-16,UAH,0.024427
2026-04-17,UAH,0.02439
2026-04-18,UAH,0.024399
2026-04-19,UAH,0.024393
2026-04-20,UAH,0.024407
2026-04-21,UAH,0.024432
2026-04-22,UAH,0.024427
2026-04-23,UAH,0.024447
2026-04-24,UAH,0.024441
2026-04-25,UAH,0.024438
2026-04-26,UAH,0.024474
2026-04-27,UAH,0.024504
2026-04-28,UAH,0.024451
2026-04-29,UAH,0.024419
2026-04-30,UAH,0.024424
2026-05-01,UAH,0.024426
2026-05-02,UAH,0.024417
2026-05-03,UAH,0.024409
2026-05-04,UAH,0.024397
2026-05-05,UAH,0.024389
2026-05-06,UAH,0.02438
2026-05-07,UAH,0.024354
2026-05-08,UAH,0.024409
2026-05-09,UAH,0.024416
2026-05-10,UAH,0.024398
2026-05-11,UAH,0.024412
2026-05-12,UAH,0.024438
2026-05-13,UAH,0.024442
2026-05-14,UAH,0.024425
2026-05-15,UAH,0.024453
2026-05-16,UAH,0.024449
2026-05-17,UAH,0.024442
2026-05-18,UAH,0.02443
2026-05-19,UAH,0.024454
2026-05-20,UAH,0.024487
2026-05-21,UAH,0.024496
2026-05-22,UAH,0.024483
2026-05-23,UAH,0.024497
2026-05-24,UAH,0.024469
2026-05-25,UAH,0.024466
2026-05-26,UAH,0.024471
2026-05-27,UAH,0.024447
2026-05-28,UAH,0.024441
2026-05-29,UAH,0.024443
2026-05-30,UAH,0.024454
2026-05-31,UAH,0.024472
2026-06-01,UAH,0.024468
2026-06-02,UAH,0.024515
2026-06-03,UAH,0.024513
2026-06-04,UAH,0.024523
2026-06-05,UAH,0.024522
2026-06-06,UAH,0.024554
2026-06-07,UAH,0.024537
2026-06-08,UAH,0.024529
2026-06-09,UAH,0.024522
2026-06-10,UAH,0.02456
2026-06-11,UAH,0.02456
2026-06-12,UAH,0.024596
2026-06-13,UAH,0.024551
2026-06-14,UAH,0.024591
2026-06-15,UAH,0.024595
2026-06-16,UAH,0.024556
2026-06-17,UAH,0.024558
2026-06-18,UAH,0.024559
2026-06-19,UAH,0.024558
2026-06-20,UAH,0.024549
2026-06-21,UAH,0.024542
2026-06-22,UAH,0.02457
2026-06-23,UAH,0.024616
2026-06-24,UAH,0.024648
2026-06-25,UAH,0.024629
2026-06-26,UAH,0.024594
2026-06-27,UAH,0.024569
2026-06-28,UAH,0.024594
2026-06-29,UAH,0.024573
2026-06-30,UAH,0.024591
2024-07-01,USD,1.0
2024-07-02,USD,1.0
2024-07-03,USD,1.0
2024-07-04,USD,1.0
2024-07-05,USD,1.0
2024-07-06,USD,1.0
2024-07-07,USD,1.0
2024-07-08,USD,1.0
2024-07-09,USD,1.0
2024-07-10,USD,1.0
2024-07-11,USD,1.0
2024-07-12,USD,1.0
2024-07-13,USD,1.0
2024-07-14,USD,1.0
2024-07-15,USD,1.0
2024-07-16,USD,1.0
2024-07-17,USD,1.0
2024-07-18,USD,1.0
2024-07-19,USD,1.0
2024-07-20,USD,1.0
2024-07-21,USD,1.0
2024-07-22,USD,1.0
2024-07-23,USD,1.0
2024-07-24,USD,1.0
2024-07-25,USD,1.0
2024-07-26,USD,1.0
2024-07-27,USD,1.0
2024-07-28,USD,1.0
2024-07-29,USD,1.0
2024-07-30,USD,1.0
2024-07-31,USD,1.0
2024-08-01,USD,1.0
2024-08-02,USD,1.0
2024-08-03,USD,1.0
2024-08-04,USD,1.0
2024-08-05,USD,1.0
2024-08-06,USD,1.0
2024-08-07,USD,1.0
2024-08-08,USD,1.0
2024-08-09,USD,1.0
2024-08-10,USD,1.0
2024-08-11,USD,1.0
2024-08-12,USD,1.0
2024-08-13,USD,1.0
2024-08-14,USD,1.0
2024-08-15,USD,1.0
2024-08-16,USD,1.0
2024-08-17,USD,1.0
2024-08-18,USD,1.0
2024-08-19,USD,1.0
2024-08-20,USD,1.0
2024-08-21,USD,1.0
2024-08-22,USD,1.0
2024-08-23,USD,1.0
2024-08-24,USD,1.0
2024-08-25,USD,1.0
2024-08-26,USD,1.0
2024-08-27,USD,1.0
2024-08-28,USD,1.0
2024-08-29,USD,1.0
2024-08-30,USD,1.0
2024-08-31,USD,1.0
2024-09-01,USD,1.0
2024-09-02,USD,1.0
2024-09-03,USD,1.0
2024-09-04,USD,1.0
2024-09-05,USD,1.0
2024-09-06,USD,1.0
2024-09-07,USD,1.0
2024-09-08,USD,1.0
2024-09-09,USD,1.0
2024-09-10,USD,1.0
2024-09-11,USD,1.0
2024-09-12,USD,1.0
2024-09-13,USD,1.0
2024-09-14,USD,1.0
2024-09-15,USD,1.0
2024-09-16,USD,1.0
2024-09-17,USD,1.0
2024-09-18,USD,1.0
2024-09-19,USD,1.0
2024-09-20,USD,1.0
2024-09-21,USD,1.0
2024-09-22,USD,1.0
2024-09-23,USD,1.0
2024-09-24,USD,1.0
2024-09-25,USD,1.0
2024-09-26,USD,1.0
2024-09-27,USD,1.0
2024-09-28,USD,1.0
2024-09-29,USD,1.0
2024-09-30,USD,1.0
2024-10-01,USD,1.0
2024-10-02,USD,1.0
2024-10-03,USD,1.0
2024-10-04,USD,1.0
2024-10-05,USD,1.0
2024-10-06,USD,1.0
2024-10-07,USD,1.0
2024-10-08,USD,1.0
2024-10-09,USD,1.0
2024-10-10,USD,1.0
2024-10-11,USD,1.0
2024-10-12,USD,1.0
2024-10-13,USD,1.0
2024-10-14,USD,1.0
2024-10-15,USD,1.0
2024-10-16,USD,1.0
2024-10-17,USD,1.0
2024-10-18,USD,1.0
2024-10-19,USD,1.0
2024-10-20,USD,1.0
2024-10-21,USD,1.0
2024-10-22,USD,1.0
2024-10-23,USD,1.0
2024-10-24,USD,1.0
2024-10-25,USD,1.0
2024-10-26,USD,1.0
2024-10-27,USD,1.0
2024-10-28,USD,1.0
2024-10-29,USD,1.0
2024-10-30,USD,1.0
2024-10-31,USD,1.0
2024-11-01,USD,1.0
2024-11-02,USD,1.0
2024-11-03,USD,1.0
2024-11-04,USD,1.0
2024-11-05,USD,1.0
2024-11-06,USD,1.0
2024-11-07,USD,1.0
2024-11-08,USD,1.0
2024-11-09,USD,1.0
2024-11-10,USD,1.0
2024-11-11,USD,1.0
2024-11-12,USD,1.0
2024-11-13,USD,1.0
2024-11-14,USD,1.0
2024-11-15,USD,1.0
2024-11-16,USD,1.0
2024-11-17,USD,1.0
2024-11-18,USD,1.0
2024-11-19,USD,1.0
2024-11-20,USD,1.0
2024-11-21,USD,1.0
2024-11-22,USD,1.0
2024-11-23,USD,1.0
2024-11-24,USD,1.0
2024-11-25,USD,1.0
2024-11-26,USD,1.0
2024-11-27,USD,1.0
2024-11-28,USD,1.0
2024-11-29,USD,1.0
2024-11-30,USD,1.0
2024-12-01,USD,1.0
2024-12-02,USD,1.0
2024-12-03,USD,1.0
2024-12-04,USD,1.0
2024-12-05,USD,1.0
2024-12-06,USD,1.0
2024-12-07,USD,1.0
2024-12-08,USD,1.0
2024-12-09,USD,1.0
2024-12-10,USD,1.0
2024-12-11,USD,1.0
2024-12-12,USD,1.0
2024-12-13,USD,1.0
2024-12-14,USD,1.0
2024-12-15,USD,1.0
2024-12-16,USD,1.0
2024-12-17,USD,1.0
2024-12-18,USD,1.0
2024-12-19,USD,1.0
2024-12-20,USD,1.0
2024-12-21,USD,1.0
2024-12-22,USD,1.0
2024-12-23,USD,1.0
2024-12-24,USD,1.0
2024-12-25,USD,1.0
2024-12-26,USD,1.0
2024-12-27,USD,1.0
2024-12-28,USD,1.0
2024-12-29,USD,1.0
2024-12-30,USD,1.0
2024-12-31,USD,1.0
2025-01-01,USD,1.0
2025-01-02,USD,1.0
2025-01-03,USD,1.0
2025-01-04,USD,1.0
2025-01-05,USD,1.0
2025-01-06,USD,1.0
2025-01-07,USD,1.0
2025-01-08,USD,1.0
2025-01-09,USD,1.0
2025-01-10,USD,1.0
2025-01-11,USD,1.0
2025-01-12,USD,1.0
2025-01-13,USD,1.0
2025-01-14,USD,1.0
2025-01-15,USD,1.0
2025-01-16,USD,1.0
2025-01-17,USD,1.0
2025-01-18,USD,1.0
2025-01-19,USD,1.0
2025-01-20,USD,1.0
2025-01-21,USD,1.0
2025-01-22,USD,1.0
2025-01-23,USD,1.0
2025-01-24,USD,1.0
2025-01-25,USD,1.0
2025-01-26,USD,1.0
2025-01-27,USD,1.0
2025-01-28,USD,1.0
2025-01-29,USD,1.0
2025-01-30,USD,1.0
2025-01-31,USD,1.0
2025-02-01,USD,1.0
2025-02-02,USD,1.0
2025-02-03,USD,1.0
2025-02-04,USD,1.0
2025-02-05,USD,1.0
2025-02-06,USD,1.0
2025-02-07,USD,1.0
2025-02-08,USD,1.0
2025-02-09,USD,1.0
2025-02-10,USD,1.0
2025-02-11,USD,1.0
2025-02-12,USD,1.0
2025-02-13,USD,1.0
2025-02-14,USD,1.0
2025-02-15,USD,1.0
2025-02-16,USD,1.0
2025-02-17,USD,1.0
2025-02-18,USD,1.0
2025-02-19,USD,1.0
2025-02-20,USD,1.0
2025-02-21,USD,1.0
2025-02-22,USD,1.0
2025-02-23,USD,1.0
2025-02-24,USD,1.0
2025-02-25,USD,1.0
2025-02-26,USD,1.0
2025-02-27,USD,1.0
2025-02-28,USD,1.0
2025-03-01,USD,1.0
2025-03-02,USD,1.0
2025-03-03,USD,1.0
2025-03-04,USD,1.0
2025-03-05,USD,1.0
2025-03-06,USD,1.0
2025-03-07,USD,1.0
2025-03-08,USD,1.0
2025-03-09,USD,1.0
2025-03-10,USD,1.0
2025-03-11,USD,1.0
2025-03-12,USD,1.0
2025-03-13,USD,1.0
2025-03-14,USD,1.0
2025-03-15,USD,1.0
2025-03-16,USD,1.0
2025-03-17,USD,1.0
2025-03-18,USD,1.0
2025-03-19,USD,1.0
2025-03-20,USD,1.0
2025-03-21,USD,1.0
2025-03-22,USD,1.0
2025-03-23,USD,1.0
2025-03-24,USD,1.0
2025-03-25,USD,1.0
2025-03-26,USD,1.0
2025-03-27,USD,1.0
2025-03-28,USD,1.0
2025-03-29,USD,1.0
2025-03-30,USD,1.0
2025-03-31,USD,1.0
2025-04-01,USD,1.0
2025-04-02,USD,1.0
2025-04-03,USD,1.0
2025-04-04,USD,1.0
2025-04-05,USD,1.0
2025-04-06,USD,1.0
2025-04-07,USD,1.0
2025-04-08,USD,1.0
2025-04-09,USD,1.0
2025-04-10,USD,1.0
2025-04-11,USD,1.0
2025-04-12,USD,1.0
2025-04-13,USD,1.0
2025-04-14,USD,1.0
2025-04-15,USD,1.0
2025-04-16,USD,1.0
2025-04-17,USD,1.0
2025-04-18,USD,1.0
2025-04-19,USD,1.0
2025-04-20,USD,1.0
2025-04-21,USD,1.0
2025-04-22,USD,1.0
2025-04-23,USD,1.0
2025-04-24,USD,1.0
2025-04-25,USD,1.0
2025-04-26,USD,1.0
2025-04-27,USD,1.0
2025-04-28,USD,1.0
2025-04-29,USD,1.0
2025-04-30,USD,1.0
2025-05-01,USD,1.0
2025-05-02,USD,1.0
2025-05-03,USD,1.0
2025-05-04,USD,1.0
2025-05-05,USD,1.0
2025-05-06,USD,1.0
2025-05-07,USD,1.0
2025-05-08,USD,1.0
2025-05-09,USD,1.0
2025-05-10,USD,1.0
2025-05-11,USD,1.0
2025-05-12,USD,1.0
2025-05-13,USD,1.0
2025-05-14,USD,1.0
2025-05-15,USD,1.0
2025-05-16,USD,1.0
2025-05-17,USD,1.0
2025-05-18,USD,1.0
2025-05-19,USD,1.0
2025-05-20,USD,1.0
2025-05-21,USD,1.0
2025-05-22,USD,1.0
2025-05-23,USD,1.0
2025-05-24,USD,1.0
2025-05-25,USD,1.0
2025-05-26,USD,1.0
2025-05-27,USD,1.0
2025-05-28,USD,1.0
2025-05-29,USD,1.0
2025-05-30,USD,1.0
2025-05-31,USD,1.0
2025-06-01,USD,1.0
2025-06-02,USD,1.0
2025-06-03,USD,1.0
2025-06-04,USD,1.0
2025-06-05,USD,1.0
2025-06-06,USD,1.0
2025-06-07,USD,1.0
2025-06-08,USD,1.0
2025-06-09,USD,1.0
2025-06-10,USD,1.0
2025-06-11,USD,1.0
2025-06-12,USD,1.0
2025-06-13,USD,1.0
2025-06-14,USD,1.0
2025-06-15,USD,1.0
2025-06-16,USD,1.0
2025-06-17,USD,1.0
2025-06-18,USD,1.0
2025-06-19,USD,1.0
2025-06-20,USD,1.0
2025-06-21,USD,1.0
2025-06-22,USD,1.0
2025-06-23,USD,1.0
2025-06-24,USD,1.0
2025-06-25,USD,1.0
2025-06-26,USD,1.0
2025-06-27,USD,1.0
2025-06-28,USD,1.0
2025-06-29,USD,1.0
2025-06-30,USD,1.0
2025-07-01,USD,1.0
2025-07-02,USD,1.0
2025-07-03,USD,1.0
2025-07-04,USD,1.0
2025-07-05,USD,1.0
2025-07-06,USD,1.0
2025-07-07,USD,1.0
2025-07-08,USD,1.0
2025-07-09,USD,1.0
2025-07-10,USD,1.0
2025-07-11,USD,1.0
2025-07-12,USD,1.0
2025-07-13,USD,1.0
2025-07-14,USD,1.0
2025-07-15,USD,1.0
2025-07-16,USD,1.0
2025-07-17,USD,1.0
2025-07-18,USD,1.0
2025-07-19,USD,1.0
2025-07-20,USD,1.0
2025-07-21,USD,1.0
2025-07-22,USD,1.0
2025-07-23,USD,1.0
2025-07-24,USD,1.0
2025-07-25,USD,1.0
2025-07-26,USD,1.0
2025-07-27,USD,1.0
2025-07-28,USD,1.0
2025-07-29,USD,1.0
2025-07-30,USD,1.0
2025-07-31,USD,1.0
2025-08-01,USD,1.0
2025-08-02,USD,1.0
2025-08-03,USD,1.0
2025-08-04,USD,1.0
2025-08-05,USD,1.0
2025-08-06,USD,1.0
2025-08-07,USD,1.0
2025-08-08,USD,1.0
2025-08-09,USD,1.0
2025-08-10,USD,1.0
2025-08-11,USD,1.0
2025-08-12,USD,1.0
2025-08-13,USD,1.0
2025-08-14,USD,1.0
2025-08-15,USD,1.0
2025-08-16,USD,1.0
2025-08-17,USD,1.0
2025-08-18,USD,1.0
2025-08-19,USD,1.0
2025-08-20,USD,1.0
2025-08-21,USD,1.0
2025-08-22,USD,1.0
2025-08-23,USD,1.0
2025-08-24,USD,1.0
2025-08-25,USD,1.0
2025-08-26,USD,1.0
2025-08-27,USD,1.0
2025-08-28,USD,1.0
2025-08-29,USD,1.0
2025-08-30,USD,1.0
2025-08-31,USD,1.0
2025-09-01,USD,1.0
2025-09-02,USD,1.0
2025-09-03,USD,1.0
2025-09-04,USD,1.0
2025-09-05,USD,1.0
2025-09-06,USD,1.0
2025-09-07,USD,1.0
2025-09-08,USD,1.0
2025-09-09,USD,1.0
2025-09-10,USD,1.0
2025-09-11,USD,1.0
2025-09-12,USD,1.0
2025-09-13,USD,1.0
2025-09-14,USD,1.0
2025-09-15,USD,1.0
2025-09-16,USD,1.0
2025-09-17,USD,1.0
2025-09-18,USD,1.0
2025-09-19,USD,1.0
2025-09-20,USD,1.0
2025-09-21,USD,1.0
2025-09-22,USD,1.0
2025-09-23,USD,1.0
2025-09-24,USD,1.0
2025-09-25,USD,1.0
2025-09-26,USD,1.0
2025-09-27,USD,1.0
2025-09-28,USD,1.0
2025-09-29,USD,1.0
2025-09-30,USD,1.0
2025-10-01,USD,1.0
2025-10-02,USD,1.0
2025-10-03,USD,1.0
2025-10-04,USD,1.0
2025-10-05,USD,1.0
2025-10-06,USD,1.0
2025-10-07,USD,1.0
2025-10-08,USD,1.0
2025-10-09,USD,1.0
2025-10-10,USD,1.0
2025-10-11,USD,1.0
2025-10-12,USD,1.0
2025-10-13,USD,1.0
2025-10-14,USD,1.0
2025-10-15,USD,1.0
2025-10-16,USD,1.0
2025-10-17,USD,1.0
2025-10-18,USD,1.0
2025-10-19,USD,1.0
2025-10-20,USD,1.0
2025-10-21,USD,1.0
2025-10-22,USD,1.0
2025-10-23,USD,1.0
2025-10-24,USD,1.0
2025-10-25,USD,1.0
2025-10-26,USD,1.0
2025-10-27,USD,1.0
2025-10-28,USD,1.0
2025-10-29,USD,1.0
2025-10-30,USD,1.0
2025-10-31,USD,1.0
2025-11-01,USD,1.0
2025-11-02,USD,1.0
2025-11-03,USD,1.0
2025-11-04,USD,1.0
2025-11-05,USD,1.0
2025-11-06,USD,1.0
2025-11-07,USD,1.0
2025-11-08,USD,1.0
2025-11-09,USD,1.0
2025-11-10,USD,1.0
2025-11-11,USD,1.0
2025-11-12,USD,1.0
2025-11-13,USD,1.0
2025-11-14,USD,1.0
2025-11-15,USD,1.0
2025-11-16,USD,1.0
2025-11-17,USD,1.0
2025-11-18,USD,1.0
2025-11-19,USD,1.0
2025-11-20,USD,1.0
2025-11-21,USD,1.0
2025-11-22,USD,1.0
2025-11-23,USD,1.0
2025-11-24,USD,1.0
2025-11-25,USD,1.0
2025-11-26,USD,1.0
2025-11-27,USD,1.0
2025-11-28,USD,1.0
2025-11-29,USD,1.0
2025-11-30,USD,1.0
2025-12-01,USD,1.0
2025-12-02,USD,1.0
2025-12-03,USD,1.0
2025-12-04,USD,1.0
2025-12-05,USD,1.0
2025-12-06,USD,1.0
2025-12-07,USD,1.0
2025-12-08,USD,1.0
2025-12-09,USD,1.0
2025-12-10,USD,1.0
2025-12-11,USD,1.0
2025-12-12,USD,1.0
2025-12-13,USD,1.0
2025-12-14,USD,1.0
2025-12-15,USD,1.0
2025-12-16,USD,1.0
2025-12-17,USD,1.0
2025-12-18,USD,1.0
2025-12-19,USD,1.0
2025-12-20,USD,1.0
2025-12-21,USD,1.0
2025-12-22,USD,1.0
2025-12-23,USD,1.0
2025-12-24,USD,1.0
2025-12-25,USD,1.0
2025-12-26,USD,1.0
2025-12-27,USD,1.0
2025-12-28,USD,1.0
2025-12-29,USD,1.0
2025-12-30,USD,1.0
2025-12-31,USD,1.0
2026-01-01,USD,1.0
2026-01-02,USD,1.0
2026-01-03,USD,1.0
2026-01-04,USD,1.0
2026-01-05,USD,1.0
2026-01-06,USD,1.0
2026-01-07,USD,1.0
2026-01-08,USD,1.0
2026-01-09,USD,1.0
2026-01-10,USD,1.0
2026-01-11,USD,1.0
2026-01-12,USD,1.0
2026-01-13,USD,1.0
2026-01-14,USD,1.0
2026-01-15,USD,1.0
2026-01-16,USD,1.0
2026-01-17,USD,1.0
2026-01-18,USD,1.0
2026-01-19,USD,1.0
2026-01-20,USD,1.0
2026-01-21,USD,1.0
2026-01-22,USD,1.0
2026-01-23,USD,1.0
2026-01-24,USD,1.0
2026-01-25,USD,1.0
2026-01-26,USD,1.0
2026-01-27,USD,1.0
2026-01-28,USD,1.0
2026-01-29,USD,1.0
2026-01-30,USD,1.0
2026-01-31,USD,1.0
2026-02-01,USD,1.0
2026-02-02,USD,1.0
2026-02-03,USD,1.0
2026-02-04,USD,1.0
2026-02-05,USD,1.0
2026-02-06,USD,1.0
2026-02-07,USD,1.0
2026-02-08,USD,1.0
2026-02-09,USD,1.0
2026-02-10,USD,1.0
2026-02-11,USD,1.0
2026-02-12,USD,1.0
2026-02-13,USD,1.0
2026-02-14,USD,1.0
2026-02-15,USD,1.0
2026-02-16,USD,1.0
2026-02-17,USD,1.0
2026-02-18,USD,1.0
2026-02-19,USD,1.0
2026-02-20,USD,1.0
2026-02-21,USD,1.0
2026-02-22,USD,1.0
2026-02-23,USD,1.0
2026-02-24,USD,1.0
2026-02-25,USD,1.0
2026-02-26,USD,1.0
2026-02-27,USD,1.0
2026-02-28,USD,1.0
2026-03-01,USD,1.0
2026-03-02,USD,1.0
2026-03-03,USD,1.0
2026-03-04,USD,1.0
2026-03-05,USD,1.0
2026-03-06,USD,1.0
2026-03-07,USD,1.0
2026-03-08,USD,1.0
2026-03-09,USD,1.0
2026-03-10,USD,1.0
2026-03-11,USD,1.0
2026-03-12,USD,1.0
2026-03-13,USD,1.0
2026-03-14,USD,1.0
2026-03-15,USD,1.0
2026-03-16,USD,1.0
2026-03-17,USD,1.0
2026-03-18,USD,1.0
2026-03-19,USD,1.0
2026-03-20,USD,1.0
2026-03-21,USD,1.0
2026-03-22,USD,1.0
2026-03-23,USD,1.0
2026-03-24,USD,1.0
2026-03-25,USD,1.0
2026-03-26,USD,1.0
2026-03-27,USD,1.0
2026-03-28,USD,1.0
2026-03-29,USD,1.0
2026-03-30,USD,1.0
2026-03-31,USD,1.0
2026-04-01,USD,1.0
2026-04-02,USD,1.0
2026-04-03,USD,1.0
2026-04-04,USD,1.0
2026-04-05,USD,1.0
2026-04-06,USD,1.0
2026-04-07,USD,1.0
2026-04-08,USD,1.0
2026-04-09,USD,1.0
2026-04-10,USD,1.0
2026-04-11,USD,1.0
2026-04-12,USD,1.0
2026-04-13,USD,1.0
2026-04-14,USD,1.0
2026-04-15,USD,1.0
2026-04-16,USD,1.0
2026-04-17,USD,1.0
2026-04-18,USD,1.0
2026-04-19,USD,1.0
2026-04-20,USD,1.0
2026-04-21,USD,1.0
2026-04-22,USD,1.0
2026-04-23,USD,1.0
2026-04-24,USD,1.0
2026-04-25,USD,1.0
2026-04-26,USD,1.0
2026-04-27,USD,1.0
2026-04-28,USD,1.0
2026-04-29,USD,1.0
2026-04-30,USD,1.0
2026-05-01,USD,1.0
2026-05-02,USD,1.0
2026-05-03,USD,1.0
2026-05-04,USD,1.0
2026-05-05,USD,1.0
2026-05-06,USD,1.0
2026-05-07,USD,1.0
2026-05-08,USD,1.0
2026-05-09,USD,1.0
2026-05-10,USD,1.0
2026-05-11,USD,1.0
2026-05-12,USD,1.0
2026-05-13,USD,1.0
2026-05-14,USD,1.0
2026-05-15,USD,1.0
2026-05-16,USD,1.0
2026-05-17,USD,1.0
2026-05-18,USD,1.0
2026-05-19,USD,1.0
2026-05-20,USD,1.0
2026-05-21,USD,1.0
2026-05-22,USD,1.0
2026-05-23,USD,1.0
2026-05-24,USD,1.0
2026-05-25,USD,1.0
2026-05-26,USD,1.0
2026-05-27,USD,1.0
2026-05-28,USD,1.0
2026-05-29,USD,1.0
2026-05-30,USD,1.0
2026-05-31,USD,1.0
2026-06-01,USD,1.0
2026-06-02,USD,1.0
2026-06-03,USD,1.0
2026-06-04,USD,1.0
2026-06-05,USD,1.0
2026-06-06,USD,1.0
2026-06-07,USD,1.0
2026-06-08,USD,1.0
2026-06-09,USD,1.0
2026-06-10,USD,1.0
2026-06-11,USD,1.0
2026-06-12,USD,1.0
2026-06-13,USD,1.0
2026-06-14,USD,1.0
2026-06-15,USD,1.0
2026-06-16,USD,1.0
2026-06-17,USD,1.0
2026-06-18,USD,1.0
2026-06-19,USD,1.0
2026-06-20,USD,1.0
2026-06-21,USD,1.0
2026-06-22,USD,1.0
2026-06-23,USD,1.0
2026-06-24,USD,1.0
2026-06-25,USD,1.0
2026-06-26,USD,1.0
2026-06-27,USD,1.0
2026-06-28,USD,1.0
2026-06-29,USD,1.0
2026-06-30,USD,1.0
