rate_date,currency,rate_to_usd
2024-07-01,CNY,0.137586
2024-07-01,EUR,1.074495
2024-07-01,GBP,1.26725
2024-07-01,UAH,0.024719
2024-07-02,CNY,0.137527
2024-07-02,EUR,1.072904
2024-07-02,GBP,1.265887
2024-07-02,UAH,0.024606
2024-07-03,CNY,0.137487
2024-07-03,EUR,1.075801
2024-07-03,GBP,1.270422
2024-07-03,UAH,0.024541
2024-07-04,CNY,0.137553
2024-07-04,EUR,1.079995
2024-07-04,GBP,1.27564
2024-07-04,UAH,0.024534
2024-07-05,CNY,0.137614
2024-07-05,EUR,1.082403
2024-07-05,GBP,1.27923
2024-07-05,UAH,0.024663
2024-07-06,UAH,0.024663
2024-07-07,UAH,0.024663
2024-07-08,CNY,0.137559
2024-07-08,EUR,1.083506
2024-07-08,GBP,1.283615
2024-07-08,UAH,0.024666
2024-07-09,CNY,0.137514
2024-07-09,EUR,1.081397
2024-07-09,GBP,1.279902
2024-07-09,UAH,0.02457
2024-07-10,CNY,0.137438
2024-07-10,EUR,1.082497
2024-07-10,GBP,1.280787
2024-07-10,UAH,0.02453
2024-07-11,CNY,0.137646
2024-07-11,EUR,1.085505
2024-07-11,GBP,1.287581
2024-07-11,UAH,0.024561
2024-07-12,CNY,0.137876
2024-07-12,EUR,1.089004
2024-07-12,GBP,1.295975
2024-07-12,UAH,0.02446
2024-07-13,UAH,0.02446
2024-07-14,UAH,0.02446
2024-07-15,CNY,0.137705
2024-07-15,EUR,1.090703
2024-07-15,GBP,1.297757
2024-07-15,UAH,0.024364
2024-07-16,CNY,0.137612
2024-07-16,EUR,1.090203
2024-07-16,GBP,1.296966
2024-07-16,UAH,0.024384
2024-07-17,CNY,0.137756
2024-07-17,EUR,1.093398
2024-07-17,GBP,1.302983
2024-07-17,UAH,0.024238
2024-07-18,CNY,0.137785
2024-07-18,EUR,1.093004
2024-07-18,GBP,1.298482
2024-07-18,UAH,0.024118
2024-07-19,CNY,0.137561
2024-07-19,EUR,1.089004
2024-07-19,GBP,1.292123
2024-07-19,UAH,0.024142
2024-07-20,UAH,0.024142
2024-07-21,UAH,0.024142
2024-07-22,CNY,0.137491
2024-07-22,EUR,1.088803
2024-07-22,GBP,1.292875
2024-07-22,UAH,0.024101
2024-07-23,CNY,0.137463
2024-07-23,EUR,1.086
2024-07-23,GBP,1.291739
2024-07-23,UAH,0.024191
2024-07-24,CNY,0.137431
2024-07-24,EUR,1.084799
2024-07-24,GBP,1.291839
2024-07-24,UAH,0.024253
2024-07-25,CNY,0.138527
2024-07-25,EUR,1.085105
2024-07-25,GBP,1.287498
2024-07-25,UAH,0.024262
2024-07-26,CNY,0.137904
2024-07-26,EUR,1.086
2024-07-26,GBP,1.287068
2024-07-26,UAH,0.024273
2024-07-27,UAH,0.024273
2024-07-28,UAH,0.024273
2024-07-29,CNY,0.137764
2024-07-29,EUR,1.081701
2024-07-29,GBP,1.282479
2024-07-29,UAH,0.024332
2024-07-30,CNY,0.137904
2024-07-30,EUR,1.082403
2024-07-30,GBP,1.284588
2024-07-30,UAH,0.024362
2024-07-31,CNY,0.138475
2024-07-31,EUR,1.082802
2024-07-31,GBP,1.283236
2024-07-31,UAH,0.024373
2024-08-01,CNY,0.137961
2024-08-01,EUR,1.0789
2024-08-01,GBP,1.27941
2024-08-01,UAH,0.024386
2024-08-02,CNY,0.138777
2024-08-02,EUR,1.083506
2024-08-02,GBP,1.274714
2024-08-02,UAH,0.024308
2024-08-03,UAH,0.024308
2024-08-04,UAH,0.024308
2024-08-05,CNY,0.140507
2024-08-05,EUR,1.096599
2024-08-05,GBP,1.276927
2024-08-05,UAH,0.024257
2024-08-06,CNY,0.139809
2024-08-06,EUR,1.0915
2024-08-06,GBP,1.269213
2024-08-06,UAH,0.024274
2024-08-07,CNY,0.139266
2024-08-07,EUR,1.092204
2024-08-07,GBP,1.272848
2024-08-07,UAH,0.024368
2024-08-08,CNY,0.139425
2024-08-08,EUR,1.093004
2024-08-08,GBP,1.269551
2024-08-08,UAH,0.024399
2024-08-09,CNY,0.13946
2024-08-09,EUR,1.091703
2024-08-09,GBP,1.273739
2024-08-09,UAH,0.024395
2024-08-10,UAH,0.024395
2024-08-11,UAH,0.024395
2024-08-12,CNY,0.13928
2024-08-12,EUR,1.092502
2024-08-12,GBP,1.276976
2024-08-12,UAH,0.02432
2024-08-13,CNY,0.139602
2024-08-13,EUR,1.093099
2024-08-13,GBP,1.279116
2024-08-13,UAH,0.024223
2024-08-14,CNY,0.140142
2024-08-14,EUR,1.101904
2024-08-14,GBP,1.284522
2024-08-14,UAH,0.024186
2024-08-15,CNY,0.139706
2024-08-15,EUR,1.101103
2024-08-15,GBP,1.286107
2024-08-15,UAH,0.024198
2024-08-16,CNY,0.139593
2024-08-16,EUR,1.099396
2024-08-16,GBP,1.291472
2024-08-16,UAH,0.024308
2024-08-17,UAH,0.024308
2024-08-18,UAH,0.024308
2024-08-19,CNY,0.140029
2024-08-19,EUR,1.104094
2024-08-19,GBP,1.295236
2024-08-19,UAH,0.024265
2024-08-20,CNY,0.139964
2024-08-20,EUR,1.108402
2024-08-20,GBP,1.301033
2024-08-20,UAH,0.024211
2024-08-21,CNY,0.140166
2024-08-21,EUR,1.111605
2024-08-21,GBP,1.303118
2024-08-21,UAH,0.024186
2024-08-22,CNY,0.14008
2024-08-22,EUR,1.113499
2024-08-22,GBP,1.310874
2024-08-22,UAH,0.024215
2024-08-23,CNY,0.140127
2024-08-23,EUR,1.1121
2024-08-23,GBP,1.312474
2024-08-23,UAH,0.02422
2024-08-24,UAH,0.02422
2024-08-25,UAH,0.02422
2024-08-26,CNY,0.140394
2024-08-26,EUR,1.116296
2024-08-26,GBP,1.318809
2024-08-26,UAH,0.024258
2024-08-27,CNY,0.140319
2024-08-27,EUR,1.116196
2024-08-27,GBP,1.321912
2024-08-27,UAH,0.024178
2024-08-28,CNY,0.140272
2024-08-28,EUR,1.111704
2024-08-28,GBP,1.320882
2024-08-28,UAH,0.024213
2024-08-29,CNY,0.140974
2024-08-29,EUR,1.108795
2024-08-29,GBP,1.317263
2024-08-29,UAH,0.024242
2024-08-30,CNY,0.141084
2024-08-30,EUR,1.108697
2024-08-30,GBP,1.317992
2024-08-30,UAH,0.024278
2024-08-31,UAH,0.024278
2024-09-01,UAH,0.024278
2024-09-02,CNY,0.140588
2024-09-02,EUR,1.106097
2024-09-02,GBP,1.31337
2024-09-02,UAH,0.024355
2024-09-03,CNY,0.140369
2024-09-03,EUR,1.103497
2024-09-03,GBP,1.31237
2024-09-03,UAH,0.024332
2024-09-04,CNY,0.140499
2024-09-04,EUR,1.104997
2024-09-04,GBP,1.311596
2024-09-04,UAH,0.024234
2024-09-05,CNY,0.140934
2024-09-05,EUR,1.109705
2024-09-05,GBP,1.316084
2024-09-05,UAH,0.024227
2024-09-06,CNY,0.141169
2024-09-06,EUR,1.110297
2024-09-06,GBP,1.317193
2024-09-06,UAH,0.024337
2024-09-07,UAH,0.024337
2024-09-08,UAH,0.024337
2024-09-09,CNY,0.140517
2024-09-09,EUR,1.104301
2024-09-09,GBP,1.308952
2024-09-09,UAH,0.02438
2024-09-10,CNY,0.140469
2024-09-10,EUR,1.103095
2024-09-10,GBP,1.309089
2024-09-10,UAH,0.024334
2024-09-11,CNY,0.140613
2024-09-11,EUR,1.104301
2024-09-11,GBP,1.308798
2024-09-11,UAH,0.024307
2024-09-12,CNY,0.140438
2024-09-12,EUR,1.101601
2024-09-12,GBP,1.304291
2024-09-12,UAH,0.02428
2024-09-13,CNY,0.140919
2024-09-13,EUR,1.108095
2024-09-13,GBP,1.311751
2024-09-13,UAH,0.024228
2024-09-14,UAH,0.024228
2024-09-15,UAH,0.024228
2024-09-16,CNY,0.140919
2024-09-16,EUR,1.112595
2024-09-16,GBP,1.320149
2024-09-16,UAH,0.024203
2024-09-17,CNY,0.140919
2024-09-17,EUR,1.113896
2024-09-17,GBP,1.321702
2024-09-17,UAH,0.024178
2024-09-18,CNY,0.141173
2024-09-18,EUR,1.112397
2024-09-18,GBP,1.320742
2024-09-18,UAH,0.024149
2024-09-19,CNY,0.141525
2024-09-19,EUR,1.115598
2024-09-19,GBP,1.328833
2024-09-19,UAH,0.024125
2024-09-20,CNY,0.141743
2024-09-20,EUR,1.116595
2024-09-20,GBP,1.330707
2024-09-20,UAH,0.024129
2024-09-21,UAH,0.024129
2024-09-22,UAH,0.024129
2024-09-23,CNY,0.141756
2024-09-23,EUR,1.111902
2024-09-23,GBP,1.331327
2024-09-23,UAH,0.024185
2024-09-24,CNY,0.142203
2024-09-24,EUR,1.113301
2024-09-24,GBP,1.337775
2024-09-24,UAH,0.02418
2024-09-25,CNY,0.142252
2024-09-25,EUR,1.119395
2024-09-25,GBP,1.338151
2024-09-25,UAH,0.02417
2024-09-26,CNY,0.142623
2024-09-26,EUR,1.115499
2024-09-26,GBP,1.337077
2024-09-26,UAH,0.024234
2024-09-27,CNY,0.142631
2024-09-27,EUR,1.115797
2024-09-27,GBP,1.338885
2024-09-27,UAH,0.024267
2024-09-28,UAH,0.024267
2024-09-29,UAH,0.024267
2024-09-30,CNY,0.142605
2024-09-30,EUR,1.119595
2024-09-30,GBP,1.340141
2024-09-30,UAH,0.024292
2024-10-01,CNY,0.142481
2024-10-01,EUR,1.108598
2024-10-01,GBP,1.332569
2024-10-01,UAH,0.02426
2024-10-02,CNY,0.142481
2024-10-02,EUR,1.107101
2024-10-02,GBP,1.329239
2024-10-02,UAH,0.024244
2024-10-03,CNY,0.142481
2024-10-03,EUR,1.103899
2024-10-03,GBP,1.310135
2024-10-03,UAH,0.024227
2024-10-04,CNY,0.142481
2024-10-04,EUR,1.102901
2024-10-04,GBP,1.317124
2024-10-04,UAH,0.02426
2024-10-05,UAH,0.02426
2024-10-06,UAH,0.02426
2024-10-07,CNY,0.142481
2024-10-07,EUR,1.098201
2024-10-07,GBP,1.308661
2024-10-07,UAH,0.02428
2024-10-08,CNY,0.141796
2024-10-08,EUR,1.098201
2024-10-08,GBP,1.310839
2024-10-08,UAH,0.024274
2024-10-09,CNY,0.141499
2024-10-09,EUR,1.095698
2024-10-09,GBP,1.308455
2024-10-09,UAH,0.024286
2024-10-10,CNY,0.141285
2024-10-10,EUR,1.093195
2024-10-10,GBP,1.306319
2024-10-10,UAH,0.024276
2024-10-11,CNY,0.141533
2024-10-11,EUR,1.093805
2024-10-11,GBP,1.306728
2024-10-11,UAH,0.024268
2024-10-12,UAH,0.024268
2024-10-13,UAH,0.024268
2024-10-14,CNY,0.141145
2024-10-14,EUR,1.0915
2024-10-14,GBP,1.304614
2024-10-14,UAH,0.024278
2024-10-15,CNY,0.14055
2024-10-15,EUR,1.090299
2024-10-15,GBP,1.308027
2024-10-15,UAH,0.024274
2024-10-16,CNY,0.140586
2024-10-16,EUR,1.089704
2024-10-16,GBP,1.30339
2024-10-16,UAH,0.024264
2024-10-17,CNY,0.140414
2024-10-17,EUR,1.086602
2024-10-17,GBP,1.302016
2024-10-17,UAH,0.024257
2024-10-18,CNY,0.140752
2024-10-18,EUR,1.084705
2024-10-18,GBP,1.304274
2024-10-18,UAH,0.024251
2024-10-19,UAH,0.024251
2024-10-20,UAH,0.024251
2024-10-21,CNY,0.140586
2024-10-21,EUR,1.085305
2024-10-21,GBP,1.302643
2024-10-21,UAH,0.024254
2024-10-22,CNY,0.140438
2024-10-22,EUR,1.082099
2024-10-22,GBP,1.298415
2024-10-22,UAH,0.024223
2024-10-23,CNY,0.14027
2024-10-23,EUR,1.076704
2024-10-23,GBP,1.294917
2024-10-23,UAH,0.024195
2024-10-24,CNY,0.14055
2024-10-24,EUR,1.0801
2024-10-24,GBP,1.298044
2024-10-24,UAH,0.024228
2024-10-25,CNY,0.140361
2024-10-25,EUR,1.082497
2024-10-25,GBP,1.298617
2024-10-25,UAH,0.024235
2024-10-26,UAH,0.024235
2024-10-27,UAH,0.024235
2024-10-28,CNY,0.140313
2024-10-28,EUR,1.081794
2024-10-28,GBP,1.298836
2024-10-28,UAH,0.024205
2024-10-29,CNY,0.140113
2024-10-29,EUR,1.0774
2024-10-29,GBP,1.297757
2024-10-29,UAH,0.024196
2024-10-30,CNY,0.140357
2024-10-30,EUR,1.081502
2024-10-30,GBP,1.296378
2024-10-30,UAH,0.024166
2024-10-31,CNY,0.140528
2024-10-31,EUR,1.088198
2024-10-31,GBP,1.299292
2024-10-31,UAH,0.024225
2024-11-01,CNY,0.140627
2024-11-01,EUR,1.088495
2024-11-01,GBP,1.295857
2024-11-01,UAH,0.02426
2024-11-02,UAH,0.02426
2024-11-03,UAH,0.02426
2024-11-04,CNY,0.140946
2024-11-04,EUR,1.090406
2024-11-04,GBP,1.297118
2024-11-04,UAH,0.024219
2024-11-05,CNY,0.14078
2024-11-05,EUR,1.089704
2024-11-05,GBP,1.298499
2024-11-05,UAH,0.024157
2024-11-06,CNY,0.139295
2024-11-06,EUR,1.069496
2024-11-06,GBP,1.285099
2024-11-06,UAH,0.024133
2024-11-07,CNY,0.139776
2024-11-07,EUR,1.078504
2024-11-07,GBP,1.296512
2024-11-07,UAH,0.024122
2024-11-08,CNY,0.139474
2024-11-08,EUR,1.077203
2024-11-08,GBP,1.294901
2024-11-08,UAH,0.024179
2024-11-09,UAH,0.024179
2024-11-10,UAH,0.024179
2024-11-11,CNY,0.138831
2024-11-11,EUR,1.065099
2024-11-11,GBP,1.288212
2024-11-11,UAH,0.024214
2024-11-12,CNY,0.138276
2024-11-12,EUR,1.061695
2024-11-12,GBP,1.281706
2024-11-12,UAH,0.024214
2024-11-13,CNY,0.138714
2024-11-13,EUR,1.062903
2024-11-13,GBP,1.274259
2024-11-13,UAH,0.024168
2024-11-14,CNY,0.138106
2024-11-14,EUR,1.053297
2024-11-14,GBP,1.266624
2024-11-14,UAH,0.024189
2024-11-15,CNY,0.138355
2024-11-15,EUR,1.058302
2024-11-15,GBP,1.268102
2024-11-15,UAH,0.024246
2024-11-16,UAH,0.024246
2024-11-17,UAH,0.024246
2024-11-18,CNY,0.13804
2024-11-18,EUR,1.055197
2024-11-18,GBP,1.262802
2024-11-18,UAH,0.024225
2024-11-19,CNY,0.138133
2024-11-19,EUR,1.057798
2024-11-19,GBP,1.264734
2024-11-19,UAH,0.024171
2024-11-20,CNY,0.138015
2024-11-20,EUR,1.0562
2024-11-20,GBP,1.266737
2024-11-20,UAH,0.024195
2024-11-21,CNY,0.138129
2024-11-21,EUR,1.052598
2024-11-21,GBP,1.264031
2024-11-21,UAH,0.02424
2024-11-22,CNY,0.137984
2024-11-22,EUR,1.0412
2024-11-22,GBP,1.251361
2024-11-22,UAH,0.024221
2024-11-23,UAH,0.024221
2024-11-24,UAH,0.024221
2024-11-25,CNY,0.138059
2024-11-25,EUR,1.049505
2024-11-25,GBP,1.257419
2024-11-25,UAH,0.024202
2024-11-26,CNY,0.137967
2024-11-26,EUR,1.0522
2024-11-26,GBP,1.260414
2024-11-26,UAH,0.024132
2024-11-27,CNY,0.137937
2024-11-27,EUR,1.053097
2024-11-27,GBP,1.262706
2024-11-27,UAH,0.024094
2024-11-28,CNY,0.137979
2024-11-28,EUR,1.054196
2024-11-28,GBP,1.266608
2024-11-28,UAH,0.024038
2024-11-29,CNY,0.138095
2024-11-29,EUR,1.0562
2024-11-29,GBP,1.26939
2024-11-29,UAH,0.024041
2024-11-30,UAH,0.024041
2024-12-01,UAH,0.024041
2024-12-02,CNY,0.137489
2024-12-02,EUR,1.050696
2024-12-02,GBP,1.267459
2024-12-02,UAH,0.024047
2024-12-03,CNY,0.137251
2024-12-03,EUR,1.051204
2024-12-03,GBP,1.264638
2024-12-03,UAH,0.024012
2024-12-04,CNY,0.137536
2024-12-04,EUR,1.049197
2024-12-04,GBP,1.266689
2024-12-04,UAH,0.023982
2024-12-05,CNY,0.137639
2024-12-05,EUR,1.053996
2024-12-05,GBP,1.272945
2024-12-05,UAH,0.024002
2024-12-06,CNY,0.13768
2024-12-06,EUR,1.0581
2024-12-06,GBP,1.277058
2024-12-06,UAH,0.02404
2024-12-07,UAH,0.02404
2024-12-08,UAH,0.02404
2024-12-09,CNY,0.137658
2024-12-09,EUR,1.056803
2024-12-09,GBP,1.276259
2024-12-09,UAH,0.024129
2024-12-10,CNY,0.13787
2024-12-10,EUR,1.052698
2024-12-10,GBP,1.275152
2024-12-10,UAH,0.024091
2024-12-11,CNY,0.137675
2024-12-11,EUR,1.050696
2024-12-11,GBP,1.274226
2024-12-11,UAH,0.024032
2024-12-12,CNY,0.137548
2024-12-12,EUR,1.049098
2024-12-12,GBP,1.27275
2024-12-12,UAH,0.023984
2024-12-13,CNY,0.137472
2024-12-13,EUR,1.051801
2024-12-13,GBP,1.266576
2024-12-13,UAH,0.024005
2024-12-14,UAH,0.024005
2024-12-15,UAH,0.024005
2024-12-16,CNY,0.137295
2024-12-16,EUR,1.049803
2024-12-16,GBP,1.265663
2024-12-16,UAH,0.024034
2024-12-17,CNY,0.13728
2024-12-17,EUR,1.049703
2024-12-17,GBP,1.270083
2024-12-17,UAH,0.023958
2024-12-18,CNY,0.137268
2024-12-18,EUR,1.049604
2024-12-18,GBP,1.271941
2024-12-18,UAH,0.023908
2024-12-19,CNY,0.137033
2024-12-19,EUR,1.039501
2024-12-19,GBP,1.260843
2024-12-19,UAH,0.023864
2024-12-20,CNY,0.137014
2024-12-20,EUR,1.039004
2024-12-20,GBP,1.252332
2024-12-20,UAH,0.02385
2024-12-21,UAH,0.02385
2024-12-22,UAH,0.02385
2024-12-23,CNY,0.137001
2024-12-23,EUR,1.039296
2024-12-23,GBP,1.252238
2024-12-23,UAH,0.02388
2024-12-24,CNY,0.13706
2024-12-24,EUR,1.039501
2024-12-24,GBP,1.255367
2024-12-24,UAH,0.023815
2024-12-25,UAH,0.023817
2024-12-26,UAH,0.023888
2024-12-27,CNY,0.136998
2024-12-27,EUR,1.043504
2024-12-27,GBP,1.255745
2024-12-27,UAH,0.023898
2024-12-28,UAH,0.023898
2024-12-29,UAH,0.023898
2024-12-30,CNY,0.136999
2024-12-30,EUR,1.044397
2024-12-30,GBP,1.259065
2024-12-30,UAH,0.023843
2024-12-31,CNY,0.136998
2024-12-31,EUR,1.038896
2024-12-31,GBP,1.252929
2024-12-31,UAH,0.023787
2025-01-01,UAH,0.023793
2025-01-02,CNY,0.136996
2025-01-02,EUR,1.032098
2025-01-02,GBP,1.241727
2025-01-02,UAH,0.023825
2025-01-03,CNY,0.136644
2025-01-03,EUR,1.029898
2025-01-03,GBP,1.240941
2025-01-03,UAH,0.023788
2025-01-04,UAH,0.023788
2025-01-05,UAH,0.023788
2025-01-06,CNY,0.136674
2025-01-06,EUR,1.042601
2025-01-06,GBP,1.254658
2025-01-06,UAH,0.023759
2025-01-07,CNY,0.136495
2025-01-07,EUR,1.039296
2025-01-07,GBP,1.253447
2025-01-07,UAH,0.023699
2025-01-08,CNY,0.136396
2025-01-08,EUR,1.028595
2025-01-08,GBP,1.233289
2025-01-08,UAH,0.02368
2025-01-09,CNY,0.136385
2025-01-09,EUR,1.030503
2025-01-09,GBP,1.229589
2025-01-09,UAH,0.023676
2025-01-10,CNY,0.136401
2025-01-10,EUR,1.030397
2025-01-10,GBP,1.231163
2025-01-10,UAH,0.02365
2025-01-11,UAH,0.02365
2025-01-12,UAH,0.02365
2025-01-13,CNY,0.13639
2025-01-13,EUR,1.019805
2025-01-13,GBP,1.211739
2025-01-13,UAH,0.02365
2025-01-14,CNY,0.136403
2025-01-14,EUR,1.024496
2025-01-14,GBP,1.21548
2025-01-14,UAH,0.023658
2025-01-15,CNY,0.136396
2025-01-15,EUR,1.030004
2025-01-15,GBP,1.221643
2025-01-15,UAH,0.023656
2025-01-16,CNY,0.136394
2025-01-16,EUR,1.0272
2025-01-16,GBP,1.219111
2025-01-16,UAH,0.02366
2025-01-17,CNY,0.136444
2025-01-17,EUR,1.029802
2025-01-17,GBP,1.219378
2025-01-17,UAH,0.023712
2025-01-18,UAH,0.023712
2025-01-19,UAH,0.023712
2025-01-20,CNY,0.136761
2025-01-20,EUR,1.031598
2025-01-20,GBP,1.219557
2025-01-20,UAH,0.023738
2025-01-21,CNY,0.137282
2025-01-21,EUR,1.035701
2025-01-21,GBP,1.224905
2025-01-21,UAH,0.023722
2025-01-22,CNY,0.137603
2025-01-22,EUR,1.044299
2025-01-22,GBP,1.236354
2025-01-22,UAH,0.023716
2025-01-23,CNY,0.137204
2025-01-23,EUR,1.040399
2025-01-23,GBP,1.231709
2025-01-23,UAH,0.023791
2025-01-24,CNY,0.137988
2025-01-24,EUR,1.047197
2025-01-24,GBP,1.240572
2025-01-24,UAH,0.023824
2025-01-25,UAH,0.023824
2025-01-26,UAH,0.023824
2025-01-27,CNY,0.137998
2025-01-27,EUR,1.052997
2025-01-27,GBP,1.251988
2025-01-27,UAH,0.023852
2025-01-28,CNY,0.137996
2025-01-28,EUR,1.042101
2025-01-28,GBP,1.242545
2025-01-28,UAH,0.023839
2025-01-29,CNY,0.137906
2025-01-29,EUR,1.039598
2025-01-29,GBP,1.241712
2025-01-29,UAH,0.023798
2025-01-30,CNY,0.137904
2025-01-30,EUR,1.040301
2025-01-30,GBP,1.243116
2025-01-30,UAH,0.02385
2025-01-31,CNY,0.137906
2025-01-31,EUR,1.039296
2025-01-31,GBP,1.24307
2025-01-31,UAH,0.02391
2025-02-01,UAH,0.02391
2025-02-02,UAH,0.02391
2025-02-03,CNY,0.137906
2025-02-03,EUR,1.027401
2025-02-03,GBP,1.235804
2025-02-03,UAH,0.023966
2025-02-04,CNY,0.137904
2025-02-04,EUR,1.033496
2025-02-04,GBP,1.242359
2025-02-04,UAH,0.023929
2025-02-05,CNY,0.137499
2025-02-05,EUR,1.042199
2025-02-05,GBP,1.254375
2025-02-05,UAH,0.023949
2025-02-06,CNY,0.137199
2025-02-06,EUR,1.036001
2025-02-06,GBP,1.23793
2025-02-06,UAH,0.024005
2025-02-07,CNY,0.137201
2025-02-07,EUR,1.0377
2025-02-07,GBP,1.244942
2025-02-07,UAH,0.024102
2025-02-08,UAH,0.024102
2025-02-09,UAH,0.024102
2025-02-10,CNY,0.136879
2025-02-10,EUR,1.032002
2025-02-10,GBP,1.239142
2025-02-10,UAH,0.024112
2025-02-11,CNY,0.136851
2025-02-11,EUR,1.032397
2025-02-11,GBP,1.238559
2025-02-11,UAH,0.024042
2025-02-12,CNY,0.136818
2025-02-12,EUR,1.037
2025-02-12,GBP,1.244323
2025-02-12,UAH,0.023998
2025-02-13,CNY,0.137041
2025-02-13,EUR,1.039004
2025-02-13,GBP,1.2471
2025-02-13,UAH,0.023928
2025-02-14,CNY,0.137614
2025-02-14,EUR,1.047801
2025-02-14,GBP,1.259145
2025-02-14,UAH,0.023924
2025-02-15,UAH,0.023924
2025-02-16,UAH,0.023924
2025-02-17,CNY,0.137682
2025-02-17,EUR,1.047296
2025-02-17,GBP,1.259795
2025-02-17,UAH,0.024021
2025-02-18,CNY,0.137359
2025-02-18,EUR,1.044703
2025-02-18,GBP,1.258289
2025-02-18,UAH,0.024064
2025-02-19,CNY,0.137259
2025-02-19,EUR,1.043395
2025-02-19,GBP,1.259573
2025-02-19,UAH,0.024056
2025-02-20,CNY,0.137758
2025-02-20,EUR,1.044299
2025-02-20,GBP,1.260875
2025-02-20,UAH,0.023992
2025-02-21,CNY,0.137819
2025-02-21,EUR,1.046496
2025-02-21,GBP,1.264494
2025-02-21,UAH,0.023963
2025-02-22,UAH,0.023963
2025-02-23,UAH,0.023963
2025-02-24,CNY,0.137931
2025-02-24,EUR,1.046605
2025-02-24,GBP,1.263552
2025-02-24,UAH,0.024043
2025-02-25,CNY,0.137722
2025-02-25,EUR,1.049703
2025-02-25,GBP,1.266095
2025-02-25,UAH,0.02398
2025-02-26,CNY,0.13776
2025-02-26,EUR,1.048702
2025-02-26,GBP,1.265502
2025-02-26,UAH,0.02396
2025-02-27,CNY,0.137625
2025-02-27,EUR,1.047702
2025-02-27,GBP,1.267283
2025-02-27,UAH,0.024016
2025-02-28,CNY,0.137382
2025-02-28,EUR,1.041103
2025-02-28,GBP,1.260287
2025-02-28,UAH,0.024088
2025-03-01,UAH,0.024088
2025-03-02,UAH,0.024088
2025-03-03,CNY,0.137189
2025-03-03,EUR,1.046496
2025-03-03,GBP,1.268022
2025-03-03,UAH,0.024136
2025-03-04,CNY,0.137794
2025-03-04,EUR,1.055699
2025-03-04,GBP,1.275185
2025-03-04,UAH,0.024044
2025-03-05,CNY,0.137677
2025-03-05,EUR,1.069404
2025-03-05,GBP,1.280721
2025-03-05,UAH,0.024051
2025-03-06,CNY,0.137973
2025-03-06,EUR,1.079599
2025-03-06,GBP,1.288461
2025-03-06,UAH,0.024173
2025-03-07,CNY,0.138198
2025-03-07,EUR,1.085706
2025-03-07,GBP,1.291156
2025-03-07,UAH,0.024228
2025-03-08,UAH,0.024228
2025-03-09,UAH,0.024228
2025-03-10,CNY,0.13777
2025-03-10,EUR,1.084505
2025-03-10,GBP,1.293393
2025-03-10,UAH,0.024264
2025-03-11,CNY,0.138251
2025-03-11,EUR,1.091203
2025-03-11,GBP,1.293293
2025-03-11,UAH,0.024221
2025-03-12,CNY,0.138062
2025-03-12,EUR,1.088601
2025-03-12,GBP,1.29475
2025-03-12,UAH,0.024147
2025-03-13,CNY,0.137975
2025-03-13,EUR,1.083001
2025-03-13,GBP,1.292708
2025-03-13,UAH,0.024092
2025-03-14,CNY,0.138146
2025-03-14,EUR,1.088898
2025-03-14,GBP,1.293494
2025-03-14,UAH,0.024081
2025-03-15,UAH,0.024081
2025-03-16,UAH,0.024081
2025-03-17,CNY,0.138242
2025-03-17,EUR,1.090299
2025-03-17,GBP,1.297572
2025-03-17,UAH,0.024091
2025-03-18,CNY,0.138366
2025-03-18,EUR,1.091798
2025-03-18,GBP,1.297084
2025-03-18,UAH,0.024132
2025-03-19,CNY,0.138311
2025-03-19,EUR,1.089704
2025-03-19,GBP,1.296059
2025-03-19,UAH,0.024058
2025-03-20,CNY,0.138034
2025-03-20,EUR,1.083295
2025-03-20,GBP,1.294415
2025-03-20,UAH,0.024054
2025-03-21,CNY,0.137963
2025-03-21,EUR,1.082696
2025-03-21,GBP,1.292541
2025-03-21,UAH,0.024073
2025-03-22,UAH,0.024073
2025-03-23,UAH,0.024073
2025-03-24,CNY,0.137863
2025-03-24,EUR,1.082403
2025-03-24,GBP,1.293761
2025-03-24,UAH,0.02408
2025-03-25,CNY,0.137773
2025-03-25,EUR,1.082497
2025-03-25,GBP,1.295404
2025-03-25,UAH,0.024013
2025-03-26,CNY,0.137635
2025-03-26,EUR,1.078795
2025-03-26,GBP,1.290073
2025-03-26,UAH,0.023984
2025-03-27,CNY,0.137633
2025-03-27,EUR,1.078504
2025-03-27,GBP,1.294431
2025-03-27,UAH,0.024059
2025-03-28,CNY,0.137639
2025-03-28,EUR,1.079704
2025-03-28,GBP,1.295253
2025-03-28,UAH,0.024104
2025-03-29,UAH,0.024104
2025-03-30,UAH,0.024104
2025-03-31,CNY,0.137872
2025-03-31,EUR,1.081502
2025-03-31,GBP,1.294649
2025-03-31,UAH,0.024109
2025-04-01,CNY,0.137548
2025-04-01,EUR,1.078795
2025-04-01,GBP,1.289424
2025-04-01,UAH,0.024141
2025-04-02,CNY,0.137567
2025-04-02,EUR,1.080299
2025-04-02,GBP,1.294465
2025-04-02,UAH,0.02417
2025-04-03,CNY,0.137137
2025-04-03,EUR,1.109705
2025-04-03,GBP,1.318513
2025-04-03,UAH,0.024204
2025-04-04,CNY,0.137323
2025-04-04,EUR,1.105705
2025-04-04,GBP,1.30105
2025-04-04,UAH,0.024188
2025-04-05,UAH,0.024188
2025-04-06,UAH,0.024188
2025-04-07,CNY,0.136823
2025-04-07,EUR,1.096696
2025-04-07,GBP,1.281378
2025-04-07,UAH,0.024275
2025-04-08,CNY,0.136264
2025-04-08,EUR,1.095002
2025-04-08,GBP,1.278543
2025-04-08,UAH,0.024342
2025-04-09,CNY,0.136058
2025-04-09,EUR,1.104496
2025-04-09,GBP,1.277841
2025-04-09,UAH,0.024287
2025-04-10,CNY,0.136584
2025-04-10,EUR,1.108205
2025-04-10,GBP,1.29229
2025-04-10,UAH,0.024228
2025-04-11,CNY,0.136998
2025-04-11,EUR,1.134597
2025-04-11,GBP,1.308986
2025-04-11,UAH,0.024153
2025-04-12,UAH,0.024153
2025-04-13,UAH,0.024153
2025-04-14,CNY,0.13675
2025-04-14,EUR,1.137695
2025-04-14,GBP,1.317037
2025-04-14,UAH,0.024162
2025-04-15,CNY,0.136705
2025-04-15,EUR,1.1324
2025-04-15,GBP,1.323364
2025-04-15,UAH,0.024204
2025-04-16,CNY,0.136872
2025-04-16,EUR,1.135499
2025-04-16,GBP,1.326242
2025-04-16,UAH,0.024286
2025-04-17,CNY,0.137033
2025-04-17,EUR,1.136002
2025-04-17,GBP,1.322891
2025-04-17,UAH,0.024263
2025-04-18,UAH,0.024165
2025-04-19,UAH,0.024165
2025-04-20,UAH,0.024165
2025-04-21,UAH,0.024157
2025-04-22,CNY,0.136735
2025-04-22,EUR,1.147605
2025-04-22,GBP,1.33663
2025-04-22,UAH,0.024167
2025-04-23,CNY,0.137201
2025-04-23,EUR,1.1415
2025-04-23,GBP,1.33053
2025-04-23,UAH,0.024086
2025-04-24,CNY,0.137184
2025-04-24,EUR,1.137605
2025-04-24,GBP,1.33053
2025-04-24,UAH,0.023998
2025-04-25,CNY,0.137206
2025-04-25,EUR,1.135705
2025-04-25,GBP,1.331257
2025-04-25,UAH,0.023987
2025-04-26,UAH,0.023987
2025-04-27,UAH,0.023987
2025-04-28,CNY,0.137024
2025-04-28,EUR,1.135796
2025-04-28,GBP,1.334045
2025-04-28,UAH,0.023951
2025-04-29,CNY,0.137497
2025-04-29,EUR,1.137294
2025-04-29,GBP,1.338312
2025-04-29,UAH,0.023955
2025-04-30,CNY,0.137629
2025-04-30,EUR,1.137294
2025-04-30,GBP,1.335167
2025-04-30,UAH,0.024059
2025-05-01,UAH,0.024113
2025-05-02,CNY,0.137525
2025-05-02,EUR,1.134301
2025-05-02,GBP,1.32931
2025-05-02,UAH,0.024042
2025-05-03,UAH,0.024042
2025-05-04,UAH,0.024042
2025-05-05,CNY,0.137525
2025-05-05,EUR,1.134301
2025-05-05,GBP,1.332126
2025-05-05,UAH,0.023976
2025-05-06,CNY,0.138558
2025-05-06,EUR,1.132503
2025-05-06,GBP,1.337238
2025-05-06,UAH,0.024036
2025-05-07,CNY,0.138403
2025-05-07,EUR,1.136002
2025-05-07,GBP,1.334739
2025-05-07,UAH,0.024123
2025-05-08,CNY,0.138165
2025-05-08,EUR,1.129701
2025-05-08,GBP,1.332818
2025-05-08,UAH,0.024132
2025-05-09,CNY,0.138112
2025-05-09,EUR,1.125201
2025-05-09,GBP,1.327351
2025-05-09,UAH,0.02409
2025-05-10,UAH,0.02409
2025-05-11,UAH,0.02409
2025-05-12,CNY,0.138827
2025-05-12,EUR,1.110605
2025-05-12,GBP,1.317592
2025-05-12,UAH,0.024069
2025-05-13,CNY,0.138864
2025-05-13,EUR,1.111198
2025-05-13,GBP,1.321912
2025-05-13,UAH,0.024074
2025-05-14,CNY,0.138798
2025-05-14,EUR,1.121403
2025-05-14,GBP,1.332623
2025-05-14,UAH,0.024096
2025-05-15,CNY,0.138667
2025-05-15,EUR,1.118506
2025-05-15,GBP,1.327757
2025-05-15,UAH,0.024075
2025-05-16,CNY,0.138781
2025-05-16,EUR,1.119395
2025-05-16,GBP,1.328356
2025-05-16,UAH,0.024113
2025-05-17,UAH,0.024113
2025-05-18,UAH,0.024113
2025-05-19,CNY,0.138652
2025-05-19,EUR,1.126202
2025-05-19,GBP,1.337685
2025-05-19,UAH,0.024097
2025-05-20,CNY,0.138514
2025-05-20,EUR,1.124101
2025-05-20,GBP,1.335345
2025-05-20,UAH,0.024052
2025-05-21,CNY,0.138823
2025-05-21,EUR,1.132105
2025-05-21,GBP,1.340393
2025-05-21,UAH,0.024105
2025-05-22,CNY,0.1388
2025-05-22,EUR,1.130902
2025-05-22,GBP,1.341994
2025-05-22,UAH,0.024134
2025-05-23,CNY,0.139181
2025-05-23,EUR,1.130097
2025-05-23,GBP,1.348254
2025-05-23,UAH,0.024096
2025-05-24,UAH,0.024096
2025-05-25,UAH,0.024096
2025-05-26,CNY,0.13914
2025-05-26,EUR,1.138097
2025-05-26,GBP,1.356171
2025-05-26,UAH,0.024091
2025-05-27,CNY,0.138982
2025-05-27,EUR,1.135602
2025-05-27,GBP,1.354977
2025-05-27,UAH,0.024055
2025-05-28,CNY,0.139026
2025-05-28,EUR,1.131695
2025-05-28,GBP,1.347582
2025-05-28,UAH,0.023995
2025-05-29,CNY,0.139111
2025-05-29,EUR,1.128095
2025-05-29,GBP,1.346656
2025-05-29,UAH,0.024044
2025-05-30,CNY,0.138999
2025-05-30,EUR,1.133903
2025-05-30,GBP,1.347963
2025-05-30,UAH,0.02408
2025-05-31,UAH,0.02408
2025-06-01,UAH,0.02408
2025-06-02,CNY,0.138893
2025-06-02,EUR,1.141904
2025-06-02,GBP,1.353931
2025-06-02,UAH,0.024081
2025-06-03,CNY,0.139123
2025-06-03,EUR,1.138602
2025-06-03,GBP,1.349692
2025-06-03,UAH,0.024028
2025-06-04,CNY,0.139109
2025-06-04,EUR,1.138395
2025-06-04,GBP,1.351863
2025-06-04,UAH,0.024016
2025-06-05,CNY,0.139291
2025-06-05,EUR,1.142296
2025-06-05,GBP,1.356815
2025-06-05,UAH,0.024106
2025-06-06,CNY,0.139235
2025-06-06,EUR,1.141097
2025-06-06,GBP,1.354261
2025-06-06,UAH,0.024113
2025-06-07,UAH,0.024113
2025-06-08,UAH,0.024113
2025-06-09,CNY,0.139243
2025-06-09,EUR,1.141005
2025-06-09,GBP,1.354463
2025-06-09,UAH,0.024154
2025-06-10,CNY,0.139183
2025-06-10,EUR,1.142896
2025-06-10,GBP,1.350311
2025-06-10,UAH,0.024101
2025-06-11,CNY,0.139134
2025-06-11,EUR,1.143301
2025-06-11,GBP,1.348872
2025-06-11,UAH,0.024064
2025-06-12,CNY,0.13935
2025-06-12,EUR,1.159393
2025-06-12,GBP,1.357921
2025-06-12,UAH,0.02409
2025-06-13,CNY,0.139233
2025-06-13,EUR,1.151198
2025-06-13,GBP,1.353565
2025-06-13,UAH,0.024103
2025-06-14,UAH,0.024103
2025-06-15,UAH,0.024103
2025-06-16,CNY,0.139274
2025-06-16,EUR,1.157394
2025-06-16,GBP,1.357976
2025-06-16,UAH,0.024127
2025-06-17,CNY,0.139221
2025-06-17,EUR,1.156805
2025-06-17,GBP,1.356944
2025-06-17,UAH,0.024079
2025-06-18,CNY,0.139115
2025-06-18,EUR,1.150801
2025-06-18,GBP,1.345641
2025-06-18,UAH,0.024082
2025-06-19,CNY,0.139134
2025-06-19,EUR,1.147803
2025-06-19,GBP,1.343869
2025-06-19,UAH,0.024022
2025-06-20,CNY,0.139334
2025-06-20,EUR,1.151503
2025-06-20,GBP,1.348836
2025-06-20,UAH,0.023989
2025-06-21,UAH,0.023989
2025-06-22,UAH,0.023989
2025-06-23,CNY,0.139152
2025-06-23,EUR,1.147197
2025-06-23,GBP,1.3391
2025-06-23,UAH,0.023904
2025-06-24,CNY,0.139404
2025-06-24,EUR,1.160699
2025-06-24,GBP,1.361211
2025-06-24,UAH,0.023883
2025-06-25,CNY,0.139383
2025-06-25,EUR,1.159797
2025-06-25,GBP,1.360304
2025-06-25,UAH,0.023928
2025-06-26,CNY,0.139454
2025-06-26,EUR,1.169495
2025-06-26,GBP,1.370238
2025-06-26,UAH,0.024003
2025-06-27,CNY,0.139435
2025-06-27,EUR,1.170398
2025-06-27,GBP,1.37225
2025-06-27,UAH,0.024047
2025-06-28,UAH,0.024047
2025-06-29,UAH,0.024047
2025-06-30,CNY,0.139573
2025-06-30,EUR,1.172003
2025-06-30,GBP,1.369957
2025-06-30,UAH,0.024015
2025-07-01,CNY,0.139624
2025-07-01,EUR,1.181
2025-07-01,GBP,1.375175
2025-07-01,UAH,0.023936
2025-07-02,CNY,0.139484
2025-07-02,EUR,1.175503
2025-07-02,GBP,1.366064
2025-07-02,UAH,0.023913
2025-07-03,CNY,0.139636
2025-07-03,EUR,1.178203
2025-07-03,GBP,1.365393
2025-07-03,UAH,0.023917
2025-07-04,CNY,0.13961
2025-07-04,EUR,1.176706
2025-07-04,GBP,1.364294
2025-07-04,UAH,0.023967
2025-07-05,UAH,0.023967
2025-07-06,UAH,0.023967
2025-07-07,CNY,0.139406
2025-07-07,EUR,1.1728
2025-07-07,GBP,1.361971
2025-07-07,UAH,0.023961
2025-07-08,CNY,0.13939
2025-07-08,EUR,1.171797
2025-07-08,GBP,1.357515
2025-07-08,UAH,0.023925
2025-07-09,CNY,0.139274
2025-07-09,EUR,1.169796
2025-07-09,GBP,1.358179
2025-07-09,UAH,0.023897
2025-07-10,CNY,0.139377
2025-07-10,EUR,1.170905
2025-07-10,GBP,1.357257
2025-07-10,UAH,0.023938
2025-07-11,CNY,0.139513
2025-07-11,EUR,1.168306
2025-07-11,GBP,1.349546
2025-07-11,UAH,0.02391
2025-07-12,UAH,0.02391
2025-07-13,UAH,0.02391
2025-07-14,CNY,0.139525
2025-07-14,EUR,1.169003
2025-07-14,GBP,1.3488
2025-07-14,UAH,0.023932
2025-07-15,CNY,0.139412
2025-07-15,EUR,1.166494
2025-07-15,GBP,1.34405
2025-07-15,UAH,0.023903
2025-07-16,CNY,0.139264
2025-07-16,EUR,1.1602
2025-07-16,GBP,1.339872
2025-07-16,UAH,0.023911
2025-07-17,CNY,0.139243
2025-07-17,EUR,1.157903
2025-07-17,GBP,1.339549
2025-07-17,UAH,0.023916
2025-07-18,CNY,0.139317
2025-07-18,EUR,1.164999
2025-07-18,GBP,1.345895
2025-07-18,UAH,0.023885
2025-07-19,UAH,0.023885
2025-07-20,UAH,0.023885
2025-07-21,CNY,0.139348
2025-07-21,EUR,1.166698
2025-07-21,GBP,1.347854
2025-07-21,UAH,0.023951
2025-07-22,CNY,0.139373
2025-07-22,EUR,1.169905
2025-07-22,GBP,1.348581
2025-07-22,UAH,0.023912
2025-07-23,CNY,0.139661
2025-07-23,EUR,1.172594
2025-07-23,GBP,1.353253
2025-07-23,UAH,0.023943
2025-07-24,CNY,0.139716
2025-07-24,EUR,1.175599
2025-07-24,GBP,1.35516
2025-07-24,UAH,0.023943
2025-07-25,CNY,0.139495
2025-07-25,EUR,1.172402
2025-07-25,GBP,1.345261
2025-07-25,UAH,0.023938
2025-07-26,UAH,0.023938
2025-07-27,UAH,0.023938
2025-07-28,CNY,0.139394
2025-07-28,EUR,1.165406
2025-07-28,GBP,1.342787
2025-07-28,UAH,0.023934
2025-07-29,CNY,0.139324
2025-07-29,EUR,1.153296
2025-07-29,GBP,1.333298
2025-07-29,UAH,0.023924
2025-07-30,CNY,0.139243
2025-07-30,EUR,1.152698
2025-07-30,GBP,1.336934
2025-07-30,UAH,0.02393
2025-07-31,CNY,0.138991
2025-07-31,EUR,1.144597
2025-07-31,GBP,1.323382
2025-07-31,UAH,0.023943
2025-08-01,CNY,0.138662
2025-08-01,EUR,1.140394
2025-08-01,GBP,1.316101
2025-08-01,UAH,0.023973
2025-08-02,UAH,0.023973
2025-08-03,UAH,0.023973
2025-08-04,CNY,0.13935
2025-08-04,EUR,1.156497
2025-08-04,GBP,1.328692
2025-08-04,UAH,0.023944
2025-08-05,CNY,0.139132
2025-08-05,EUR,1.154601
2025-08-05,GBP,1.328198
2025-08-05,UAH,0.023929
2025-08-06,CNY,0.139165
2025-08-06,EUR,1.160402
2025-08-06,GBP,1.331186
2025-08-06,UAH,0.02399
2025-08-07,CNY,0.139291
2025-08-07,EUR,1.164293
2025-08-07,GBP,1.342444
2025-08-07,UAH,0.024032
2025-08-08,CNY,0.139202
2025-08-08,EUR,1.164795
2025-08-08,GBP,1.343328
2025-08-08,UAH,0.024122
2025-08-09,UAH,0.024122
2025-08-10,UAH,0.024122
2025-08-11,CNY,0.139187
2025-08-11,EUR,1.162196
2025-08-11,GBP,1.34266
2025-08-11,UAH,0.024161
2025-08-12,CNY,0.139134
2025-08-12,EUR,1.160604
2025-08-12,GBP,1.346239
2025-08-12,UAH,0.024126
2025-08-13,CNY,0.139383
2025-08-13,EUR,1.171097
2025-08-13,GBP,1.356852
2025-08-13,UAH,0.024139
2025-08-14,CNY,0.139458
2025-08-14,EUR,1.169003
2025-08-14,GBP,1.357718
2025-08-14,UAH,0.024088
2025-08-15,CNY,0.139293
2025-08-15,EUR,1.168798
2025-08-15,GBP,1.355601
2025-08-15,UAH,0.024125
2025-08-16,UAH,0.024125
2025-08-17,UAH,0.024125
2025-08-18,CNY,0.139299
2025-08-18,EUR,1.167297
2025-08-18,GBP,1.354023
2025-08-18,UAH,0.02419
2025-08-19,CNY,0.139293
2025-08-19,EUR,1.168197
2025-08-19,GBP,1.352082
2025-08-19,UAH,0.024237
2025-08-20,CNY,0.139351
2025-08-20,EUR,1.165094
2025-08-20,GBP,1.347709
2025-08-20,UAH,0.02418
2025-08-21,CNY,0.139311
2025-08-21,EUR,1.1639
2025-08-21,GBP,1.344936
2025-08-21,UAH,0.024167
2025-08-22,CNY,0.139297
2025-08-22,EUR,1.160807
2025-08-22,GBP,1.341508
2025-08-22,UAH,0.024261
2025-08-23,UAH,0.024261
2025-08-24,UAH,0.024261
2025-08-25,CNY,0.139733
2025-08-25,EUR,1.1697
2025-08-25,GBP,1.35084
2025-08-25,UAH,0.024223
2025-08-26,CNY,0.139716
2025-08-26,EUR,1.165596
2025-08-26,GBP,1.348763
2025-08-26,UAH,0.024137
2025-08-27,CNY,0.13963
2025-08-27,EUR,1.159299
2025-08-27,GBP,1.34396
2025-08-27,UAH,0.024152
2025-08-28,CNY,0.140225
2025-08-28,EUR,1.167597
2025-08-28,GBP,1.351863
2025-08-28,UAH,0.0242
2025-08-29,CNY,0.140195
2025-08-29,EUR,1.1658
2025-08-29,GBP,1.344954
2025-08-29,UAH,0.024236
2025-08-30,UAH,0.024236
2025-08-31,UAH,0.024236
2025-09-01,CNY,0.140164
2025-09-01,EUR,1.171495
2025-09-01,GBP,1.352466
2025-09-01,UAH,0.024201
2025-09-02,CNY,0.139972
2025-09-02,EUR,1.164605
2025-09-02,GBP,1.338312
2025-09-02,UAH,0.024171
2025-09-03,CNY,0.139946
2025-09-03,EUR,1.165297
2025-09-03,GBP,1.341436
2025-09-03,UAH,0.024176
2025-09-04,CNY,0.140042
2025-09-04,EUR,1.1647
2025-09-04,GBP,1.344447
2025-09-04,UAH,0.024171
2025-09-05,CNY,0.140103
2025-09-05,EUR,1.1697
2025-09-05,GBP,1.347891
2025-09-05,UAH,0.024184
2025-09-06,UAH,0.024184
2025-09-07,UAH,0.024184
2025-09-08,CNY,0.140254
2025-09-08,EUR,1.1728
2025-09-08,GBP,1.352869
2025-09-08,UAH,0.02426
2025-09-09,CNY,0.14042
2025-09-09,EUR,1.174398
2025-09-09,GBP,1.355656
2025-09-09,UAH,0.024243
2025-09-10,CNY,0.140394
2025-09-10,EUR,1.1707
2025-09-10,GBP,1.353418
2025-09-10,UAH,0.024317
2025-09-11,CNY,0.140357
2025-09-11,EUR,1.168497
2025-09-11,GBP,1.351333
2025-09-11,UAH,0.024264
2025-09-12,CNY,0.1404
2025-09-12,EUR,1.171797
2025-09-12,GBP,1.354206
2025-09-12,UAH,0.024206
2025-09-13,UAH,0.024206
2025-09-14,UAH,0.024206
2025-09-15,CNY,0.140414
2025-09-15,EUR,1.176595
2025-09-15,GBP,1.361656
2025-09-15,UAH,0.024223
2025-09-16,CNY,0.140542
2025-09-16,EUR,1.180693
2025-09-16,GBP,1.364033
2025-09-16,UAH,0.024253
2025-09-17,CNY,0.140762
2025-09-17,EUR,1.183698
2025-09-17,GBP,1.364498
2025-09-17,UAH,0.024286
2025-09-18,CNY,0.140736
2025-09-18,EUR,1.181796
2025-09-18,GBP,1.361526
2025-09-18,UAH,0.024275
2025-09-19,CNY,0.140534
2025-09-19,EUR,1.173599
2025-09-19,GBP,1.347727
2025-09-19,UAH,0.024243
2025-09-20,UAH,0.024243
2025-09-21,UAH,0.024243
2025-09-22,CNY,0.140605
2025-09-22,EUR,1.178106
2025-09-22,GBP,1.349637
2025-09-22,UAH,0.024242
2025-09-23,CNY,0.140611
2025-09-23,EUR,1.179301
2025-09-23,GBP,1.351023
2025-09-23,UAH,0.024166
2025-09-24,CNY,0.14031
2025-09-24,EUR,1.175599
2025-09-24,GBP,1.346475
2025-09-24,UAH,0.024167
2025-09-25,CNY,0.140369
2025-09-25,EUR,1.173902
2025-09-25,GBP,1.341904
2025-09-25,UAH,0.024148
2025-09-26,CNY,0.140107
2025-09-26,EUR,1.167202
2025-09-26,GBP,1.33547
2025-09-26,UAH,0.0241
2025-09-27,UAH,0.0241
2025-09-28,UAH,0.0241
2025-09-29,CNY,0.140426
2025-09-29,EUR,1.172305
2025-09-29,GBP,1.343923
2025-09-29,UAH,0.024109
2025-09-30,CNY,0.140457
2025-09-30,EUR,1.174095
2025-09-30,GBP,1.344285
2025-09-30,UAH,0.024203
2025-10-01,CNY,0.140457
2025-10-01,EUR,1.172402
2025-10-01,GBP,1.346965
2025-10-01,UAH,0.024306
2025-10-02,CNY,0.140459
2025-10-02,EUR,1.175406
2025-10-02,GBP,1.347782
2025-10-02,UAH,0.024259
2025-10-03,CNY,0.140457
2025-10-03,EUR,1.173406
2025-10-03,GBP,1.344719
2025-10-03,UAH,0.024227
2025-10-04,UAH,0.024227
2025-10-05,UAH,0.024227
2025-10-06,CNY,0.140459
2025-10-06,EUR,1.167801
2025-10-06,GBP,1.343075
2025-10-06,UAH,0.024255
2025-10-07,CNY,0.140457
2025-10-07,EUR,1.166603
2025-10-07,GBP,1.340465
2025-10-07,UAH,0.024189
2025-10-08,CNY,0.140459
2025-10-08,EUR,1.162696
2025-10-08,GBP,1.340914
2025-10-08,UAH,0.024204
2025-10-09,CNY,0.140402
2025-10-09,EUR,1.161103
2025-10-09,GBP,1.337202
2025-10-09,UAH,0.024153
2025-10-10,CNY,0.140394
2025-10-10,EUR,1.156805
2025-10-10,GBP,1.328286
2025-10-10,UAH,0.024093
2025-10-11,UAH,0.024093
2025-10-12,UAH,0.024093
2025-10-13,CNY,0.140211
2025-10-13,EUR,1.156899
2025-10-13,GBP,1.333298
2025-10-13,UAH,0.024037
2025-10-14,CNY,0.140056
2025-10-14,EUR,1.155295
2025-10-14,GBP,1.326102
2025-10-14,UAH,0.024033
2025-10-15,CNY,0.140323
2025-10-15,EUR,1.162196
2025-10-15,GBP,1.335096
2025-10-15,UAH,0.023951
2025-10-16,CNY,0.140335
2025-10-16,EUR,1.164904
2025-10-16,GBP,1.342678
2025-10-16,UAH,0.023946
2025-10-17,CNY,0.140404
2025-10-17,EUR,1.168101
2025-10-17,GBP,1.343418
2025-10-17,UAH,0.024018
2025-10-18,UAH,0.024018
2025-10-19,UAH,0.024018
2025-10-20,CNY,0.14038
2025-10-20,EUR,1.165501
2025-10-20,GBP,1.34104
2025-10-20,UAH,0.023963
2025-10-21,CNY,0.140477
2025-10-21,EUR,1.160699
2025-10-21,GBP,1.337524
2025-10-21,UAH,0.023948
2025-10-22,CNY,0.140319
2025-10-22,EUR,1.158695
2025-10-22,GBP,1.333529
2025-10-22,UAH,0.023955
2025-10-23,CNY,0.140363
2025-10-23,EUR,1.159299
2025-10-23,GBP,1.333902
2025-10-23,UAH,0.023949
2025-10-24,CNY,0.1404
2025-10-24,EUR,1.161197
2025-10-24,GBP,1.330743
2025-10-24,UAH,0.023868
2025-10-25,UAH,0.023868
2025-10-26,UAH,0.023868
2025-10-27,CNY,0.140696
2025-10-27,EUR,1.163995
2025-10-27,GBP,1.334704
2025-10-27,UAH,0.023811
2025-10-28,CNY,0.140817
2025-10-28,EUR,1.162994
2025-10-28,GBP,1.327633
2025-10-28,UAH,0.02377
2025-10-29,CNY,0.140857
2025-10-29,EUR,1.163603
2025-10-29,GBP,1.321213
2025-10-29,UAH,0.023763
2025-10-30,CNY,0.140562
2025-10-30,EUR,1.155001
2025-10-30,GBP,1.312353
2025-10-30,UAH,0.023803
2025-10-31,CNY,0.140524
2025-10-31,EUR,1.155402
2025-10-31,GBP,1.310564
2025-10-31,UAH,0.023826
2025-11-01,UAH,0.023826
2025-11-02,UAH,0.023826
2025-11-03,CNY,0.140438
2025-11-03,EUR,1.151397
2025-11-03,GBP,1.313629
2025-11-03,UAH,0.023871
2025-11-04,CNY,0.140345
2025-11-04,EUR,1.149095
2025-11-04,GBP,1.306541
2025-11-04,UAH,0.023786
2025-11-05,CNY,0.14031
2025-11-05,EUR,1.149201
2025-11-05,GBP,1.304427
2025-11-05,UAH,0.023768
2025-11-06,CNY,0.140459
2025-11-06,EUR,1.153296
2025-11-06,GBP,1.309535
2025-11-06,UAH,0.023772
2025-11-07,CNY,0.140434
2025-11-07,EUR,1.156096
2025-11-07,GBP,1.312112
2025-11-07,UAH,0.023762
2025-11-08,UAH,0.023762
2025-11-09,UAH,0.023762
2025-11-10,CNY,0.140463
2025-11-10,EUR,1.157099
2025-11-10,GBP,1.318183
2025-11-10,UAH,0.023822
2025-11-11,CNY,0.140479
2025-11-11,EUR,1.157501
2025-11-11,GBP,1.314752
2025-11-11,UAH,0.023835
2025-11-12,CNY,0.140519
2025-11-12,EUR,1.157595
2025-11-12,GBP,1.312026
2025-11-12,UAH,0.023802
2025-11-13,CNY,0.140922
2025-11-13,EUR,1.161899
2025-11-13,GBP,1.317488
2025-11-13,UAH,0.023788
2025-11-14,CNY,0.140922
2025-11-14,EUR,1.164795
2025-11-14,GBP,1.31676
2025-11-14,UAH,0.023773
2025-11-15,UAH,0.023773
2025-11-16,UAH,0.023773
2025-11-17,CNY,0.140694
2025-11-17,EUR,1.159299
2025-11-17,GBP,1.318131
2025-11-17,UAH,0.023786
2025-11-18,CNY,0.140639
2025-11-18,EUR,1.159004
2025-11-18,GBP,1.313905
2025-11-18,UAH,0.023772
2025-11-19,CNY,0.140641
2025-11-19,EUR,1.158306
2025-11-19,GBP,1.312215
2025-11-19,UAH,0.023757
2025-11-20,CNY,0.140572
2025-11-20,EUR,1.151397
2025-11-20,GBP,1.306182
2025-11-20,UAH,0.023756
2025-11-21,CNY,0.140651
2025-11-21,EUR,1.151994
2025-11-21,GBP,1.308644
2025-11-21,UAH,0.023722
2025-11-22,UAH,0.023722
2025-11-23,UAH,0.023722
2025-11-24,CNY,0.141068
2025-11-24,EUR,1.154401
2025-11-24,GBP,1.311217
2025-11-24,UAH,0.023659
2025-11-25,CNY,0.141133
2025-11-25,EUR,1.155095
2025-11-25,GBP,1.314406
2025-11-25,UAH,0.023601
2025-11-26,CNY,0.141253
2025-11-26,EUR,1.157702
2025-11-26,GBP,1.319174
2025-11-26,UAH,0.023584
2025-11-27,CNY,0.141175
2025-11-27,EUR,1.158601
2025-11-27,GBP,1.323504
2025-11-27,UAH,0.023641
2025-11-28,CNY,0.141331
2025-11-28,EUR,1.156604
2025-11-28,GBP,1.321528
2025-11-28,UAH,0.023701
2025-11-29,UAH,0.023701
2025-11-30,UAH,0.023701
2025-12-01,CNY,0.141407
2025-12-01,EUR,1.164605
2025-12-01,GBP,1.326717
2025-12-01,UAH,0.02366
2025-12-02,CNY,0.141423
2025-12-02,EUR,1.1614
2025-12-02,GBP,1.320376
2025-12-02,UAH,0.023618
2025-12-03,CNY,0.141567
2025-12-03,EUR,1.166807
2025-12-03,GBP,1.331044
2025-12-03,UAH,0.023622
2025-12-04,CNY,0.141409
2025-12-04,EUR,1.166603
2025-12-04,GBP,1.334027
2025-12-04,UAH,0.023695
2025-12-05,CNY,0.141439
2025-12-05,EUR,1.164497
2025-12-05,GBP,1.334365
2025-12-05,UAH,0.023706
2025-12-06,UAH,0.023706
2025-12-07,UAH,0.023706
2025-12-08,CNY,0.141483
2025-12-08,EUR,1.165501
2025-12-08,GBP,1.332605
2025-12-08,UAH,0.023777
2025-12-09,CNY,0.141557
2025-12-09,EUR,1.163697
2025-12-09,GBP,1.332232
2025-12-09,UAH,0.02377
2025-12-10,CNY,0.141593
2025-12-10,EUR,1.163399
2025-12-10,GBP,1.330973
2025-12-10,UAH,0.023706
2025-12-11,CNY,0.141681
2025-12-11,EUR,1.171399
2025-12-11,GBP,1.338598
2025-12-11,UAH,0.023651
2025-12-12,CNY,0.141749
2025-12-12,EUR,1.173103
2025-12-12,GBP,1.338079
2025-12-12,UAH,0.023656
2025-12-13,UAH,0.023656
2025-12-14,UAH,0.023656
2025-12-15,CNY,0.141902
2025-12-15,EUR,1.175295
2025-12-15,GBP,1.33876
2025-12-15,UAH,0.0237
2025-12-16,CNY,0.141999
2025-12-16,EUR,1.177607
2025-12-16,GBP,1.343671
2025-12-16,UAH,0.023671
2025-12-17,CNY,0.141967
2025-12-17,EUR,1.172196
2025-12-17,GBP,1.334312
2025-12-17,UAH,0.023705
2025-12-18,CNY,0.142019
2025-12-18,EUR,1.171893
2025-12-18,GBP,1.339926
2025-12-18,UAH,0.023619
2025-12-19,CNY,0.142023
2025-12-19,EUR,1.171193
2025-12-19,GBP,1.336988
2025-12-19,UAH,0.02362
2025-12-20,UAH,0.02362
2025-12-21,UAH,0.02362
2025-12-22,CNY,0.142106
2025-12-22,EUR,1.174495
2025-12-22,GBP,1.343508
2025-12-22,UAH,0.02367
2025-12-23,CNY,0.142286
2025-12-23,EUR,1.178606
2025-12-23,GBP,1.35022
2025-12-23,UAH,0.023726
2025-12-24,CNY,0.142564
2025-12-24,EUR,1.178703
2025-12-24,GBP,1.350329
2025-12-24,UAH,0.023753
2025-12-25,UAH,0.023722
2025-12-26,UAH,0.023848
2025-12-27,UAH,0.023848
2025-12-28,UAH,0.023848
2025-12-29,CNY,0.142725
2025-12-29,EUR,1.176595
2025-12-29,GBP,1.348381
2025-12-29,UAH,0.023773
2025-12-30,CNY,0.143002
2025-12-30,EUR,1.175696
2025-12-30,GBP,1.349509
2025-12-30,UAH,0.023687
2025-12-31,CNY,0.142837
2025-12-31,EUR,1.175005
2025-12-31,GBP,1.346547
2025-12-31,UAH,0.023592
2026-01-01,UAH,0.023611
2026-01-02,CNY,0.142986
2026-01-02,EUR,1.172099
2026-01-02,GBP,1.344303
2026-01-02,UAH,0.023713
2026-01-03,UAH,0.023713
2026-01-04,UAH,0.023713
2026-01-05,CNY,0.143156
2026-01-05,EUR,1.166398
2026-01-05,GBP,1.344393
2026-01-05,UAH,0.023644
2026-01-06,CNY,0.143176
2026-01-06,EUR,1.1707
2026-01-06,GBP,1.351388
2026-01-06,UAH,0.023573
2026-01-07,CNY,0.143037
2026-01-07,EUR,1.168402
2026-01-07,GBP,1.348563
2026-01-07,UAH,0.023494
2026-01-08,CNY,0.14323
2026-01-08,EUR,1.167501
2026-01-08,GBP,1.34396
2026-01-08,UAH,0.023411
2026-01-09,CNY,0.143219
2026-01-09,EUR,1.164199
2026-01-09,GBP,1.341706
2026-01-09,UAH,0.023261
2026-01-10,UAH,0.023261
2026-01-11,UAH,0.023261
2026-01-12,CNY,0.143408
2026-01-12,EUR,1.169194
2026-01-12,GBP,1.347945
2026-01-12,UAH,0.023215
2026-01-13,CNY,0.143357
2026-01-13,EUR,1.165406
2026-01-13,GBP,1.345732
2026-01-13,UAH,0.023119
2026-01-14,CNY,0.143402
2026-01-14,EUR,1.165094
2026-01-14,GBP,1.34414
2026-01-14,UAH,0.023161
2026-01-15,CNY,0.143528
2026-01-15,EUR,1.162399
2026-01-15,GBP,1.340105
2026-01-15,UAH,0.023189
2026-01-16,CNY,0.143478
2026-01-16,EUR,1.161697
2026-01-16,GBP,1.339908
2026-01-16,UAH,0.023045
2026-01-17,UAH,0.023045
2026-01-18,UAH,0.023045
2026-01-19,CNY,0.143608
2026-01-19,EUR,1.163102
2026-01-19,GBP,1.341364
2026-01-19,UAH,0.023035
2026-01-20,CNY,0.143701
2026-01-20,EUR,1.1728
2026-01-20,GBP,1.344646
2026-01-20,UAH,0.023112
2026-01-21,CNY,0.143598
2026-01-21,EUR,1.173902
2026-01-21,GBP,1.342516
2026-01-21,UAH,0.02312
2026-01-22,CNY,0.143355
2026-01-22,EUR,1.170604
2026-01-22,GBP,1.34212
2026-01-22,UAH,0.023161
2026-01-23,CNY,0.143583
2026-01-23,EUR,1.174205
2026-01-23,GBP,1.352613
2026-01-23,UAH,0.023166
2026-01-24,UAH,0.023166
2026-01-25,UAH,0.023166
2026-01-26,CNY,0.143794
2026-01-26,EUR,1.1836
2026-01-26,GBP,1.364387
2026-01-26,UAH,0.023181
2026-01-27,CNY,0.143786
2026-01-27,EUR,1.192905
2026-01-27,GBP,1.373834
2026-01-27,UAH,0.023188
2026-01-28,CNY,0.143959
2026-01-28,EUR,1.197404
2026-01-28,GBP,1.378702
2026-01-28,UAH,0.023279
2026-01-29,CNY,0.143964
2026-01-29,EUR,1.196802
2026-01-29,GBP,1.381673
2026-01-29,UAH,0.023381
2026-01-30,CNY,0.143891
2026-01-30,EUR,1.191895
2026-01-30,GBP,1.376008
2026-01-30,UAH,0.023338
2026-01-31,UAH,0.023338
2026-02-01,UAH,0.023338
2026-02-02,CNY,0.144022
2026-02-02,EUR,1.184006
2026-02-02,GBP,1.367521
2026-02-02,UAH,0.023358
2026-02-03,CNY,0.144132
2026-02-03,EUR,1.180094
2026-02-03,GBP,1.368551
2026-02-03,UAH,0.023272
2026-02-04,CNY,0.144057
2026-02-04,EUR,1.182005
2026-02-04,GBP,1.371874
2026-02-04,UAH,0.023152
2026-02-05,CNY,0.144109
2026-02-05,EUR,1.179802
2026-02-05,GBP,1.357497
2026-02-05,UAH,0.023165
2026-02-06,CNY,0.144113
2026-02-06,EUR,1.179398
2026-02-06,GBP,1.358917
2026-02-06,UAH,0.02318
2026-02-07,UAH,0.02318
2026-02-08,UAH,0.02318
2026-02-09,CNY,0.144456
2026-02-09,EUR,1.188594
2026-02-09,GBP,1.366046
2026-02-09,UAH,0.02323
2026-02-10,CNY,0.144617
2026-02-10,EUR,1.1894
2026-02-10,GBP,1.367914
2026-02-10,UAH,0.023241
2026-02-11,CNY,0.144691
2026-02-11,EUR,1.189995
2026-02-11,GBP,1.36797
2026-02-11,UAH,0.023207
2026-02-12,CNY,0.144904
2026-02-12,EUR,1.187395
2026-02-12,GBP,1.363104
2026-02-12,UAH,0.023239
2026-02-13,CNY,0.144747
2026-02-13,EUR,1.186197
2026-02-13,GBP,1.360952
2026-02-13,UAH,0.02326
2026-02-14,UAH,0.02326
2026-02-15,UAH,0.02326
2026-02-16,CNY,0.144747
2026-02-16,EUR,1.185494
2026-02-16,GBP,1.364219
2026-02-16,UAH,0.023201
2026-02-17,CNY,0.144745
2026-02-17,EUR,1.182606
2026-02-17,GBP,1.354169
2026-02-17,UAH,0.023164
2026-02-18,CNY,0.144745
2026-02-18,EUR,1.184497
2026-02-18,GBP,1.357755
2026-02-18,UAH,0.023117
2026-02-19,CNY,0.144747
2026-02-19,EUR,1.175295
2026-02-19,GBP,1.345044
2026-02-19,UAH,0.023099
2026-02-20,CNY,0.144747
2026-02-20,EUR,1.176706
2026-02-20,GBP,1.348181
2026-02-20,UAH,0.023112
2026-02-21,UAH,0.023112
2026-02-22,UAH,0.023112
2026-02-23,CNY,0.144745
2026-02-23,EUR,1.178398
2026-02-23,GBP,1.349218
2026-02-23,UAH,0.023108
2026-02-24,CNY,0.145313
2026-02-24,EUR,1.177704
2026-02-24,GBP,1.348872
2026-02-24,UAH,0.023096
2026-02-25,CNY,0.145571
2026-02-25,EUR,1.178398
2026-02-25,GBP,1.352302
2026-02-25,UAH,0.023113
2026-02-26,CNY,0.146171
2026-02-26,EUR,1.181405
2026-02-26,GBP,1.354977
2026-02-26,UAH,0.023126
2026-02-27,CNY,0.145811
2026-02-27,EUR,1.180498
2026-02-27,GBP,1.347146
2026-02-27,UAH,0.023144
2026-02-28,UAH,0.023144
2026-03-01,UAH,0.023144
2026-03-02,CNY,0.145296
2026-03-02,EUR,1.169796
2026-03-02,GBP,1.338598
2026-03-02,UAH,0.023202
2026-03-03,CNY,0.144768
2026-03-03,EUR,1.160604
2026-03-03,GBP,1.331416
2026-03-03,UAH,0.02313
2026-03-04,CNY,0.144984
2026-03-04,EUR,1.164904
2026-03-04,GBP,1.338204
2026-03-04,UAH,0.023012
2026-03-05,CNY,0.144904
2026-03-05,EUR,1.161805
2026-03-05,GBP,1.336166
2026-03-05,UAH,0.022874
2026-03-06,CNY,0.144829
2026-03-06,EUR,1.156096
2026-03-06,GBP,1.333564
2026-03-06,UAH,0.022827
2026-03-07,UAH,0.022827
2026-03-08,UAH,0.022827
2026-03-09,CNY,0.144565
2026-03-09,EUR,1.155495
2026-03-09,GBP,1.335381
2026-03-09,UAH,0.022868
2026-03-10,CNY,0.145408
2026-03-10,EUR,1.164104
2026-03-10,GBP,1.34508
2026-03-10,UAH,0.022781
2026-03-11,CNY,0.145641
2026-03-11,EUR,1.158104
2026-03-11,GBP,1.340968
2026-03-11,UAH,0.022798
2026-03-12,CNY,0.145582
2026-03-12,EUR,1.154694
2026-03-12,GBP,1.338885
2026-03-12,UAH,0.022739
2026-03-13,CNY,0.144999
2026-03-13,EUR,1.147605
2026-03-13,GBP,1.326665
2026-03-13,UAH,0.022643
2026-03-14,UAH,0.022643
2026-03-15,UAH,0.022643
2026-03-16,CNY,0.145009
2026-03-16,EUR,1.147803
2026-03-16,GBP,1.328356
2026-03-16,UAH,0.022656
2026-03-17,CNY,0.145205
2026-03-17,EUR,1.153097
2026-03-17,GBP,1.334152
2026-03-17,UAH,0.022686
2026-03-18,CNY,0.145176
2026-03-18,EUR,1.149994
2026-03-18,GBP,1.331133
2026-03-18,UAH,0.022753
2026-03-19,CNY,0.144919
2026-03-19,EUR,1.148897
2026-03-19,GBP,1.329929
2026-03-19,UAH,0.022781
2026-03-20,CNY,0.145047
2026-03-20,EUR,1.155495
2026-03-20,GBP,1.336791
2026-03-20,UAH,0.022747
2026-03-21,UAH,0.022747
2026-03-22,UAH,0.022747
2026-03-23,CNY,0.145102
2026-03-23,EUR,1.159595
2026-03-23,GBP,1.341814
2026-03-23,UAH,0.022821
2026-03-24,CNY,0.145066
2026-03-24,EUR,1.157207
2026-03-24,GBP,1.337167
2026-03-24,UAH,0.022816
2026-03-25,CNY,0.144938
2026-03-25,EUR,1.159205
2026-03-25,GBP,1.339226
2026-03-25,UAH,0.022768
2026-03-26,CNY,0.144714
2026-03-26,EUR,1.153895
2026-03-26,GBP,1.33376
2026-03-26,UAH,0.022793
2026-03-27,CNY,0.144638
2026-03-27,EUR,1.151702
2026-03-27,GBP,1.328074
2026-03-27,UAH,0.022787
2026-03-28,UAH,0.022787
2026-03-29,UAH,0.022787
2026-03-30,CNY,0.144688
2026-03-30,EUR,1.148396
2026-03-30,GBP,1.322996
2026-03-30,UAH,0.02281
2026-03-31,CNY,0.144919
2026-03-31,EUR,1.149795
2026-03-31,GBP,1.324153
2026-03-31,UAH,0.022833
2026-04-01,CNY,0.14548
2026-04-01,EUR,1.160497
2026-04-01,GBP,1.332179
2026-04-01,UAH,0.02277
2026-04-02,CNY,0.144978
2026-04-02,EUR,1.152499
2026-04-02,GBP,1.320864
2026-04-02,UAH,0.022841
2026-04-03,UAH,0.022824
2026-04-04,UAH,0.022824
2026-04-05,UAH,0.022824
2026-04-06,UAH,0.022907
2026-04-07,CNY,0.145828
2026-04-07,EUR,1.155695
2026-04-07,GBP,1.324468
2026-04-07,UAH,0.022945
2026-04-08,CNY,0.146419
2026-04-08,EUR,1.170604
2026-04-08,GBP,1.347182
2026-04-08,UAH,0.022991
2026-04-09,CNY,0.146312
2026-04-09,EUR,1.168497
2026-04-09,GBP,1.342282
2026-04-09,UAH,0.023053
2026-04-10,CNY,0.146447
2026-04-10,EUR,1.171097
2026-04-10,GBP,1.344466
2026-04-10,UAH,0.023007
2026-04-11,UAH,0.023007
2026-04-12,UAH,0.023007
2026-04-13,CNY,0.146366
2026-04-13,EUR,1.168402
2026-04-13,GBP,1.342102
2026-04-13,UAH,0.02301
2026-04-14,CNY,0.146718
2026-04-14,EUR,1.179301
2026-04-14,GBP,1.356871
2026-04-14,UAH,0.023022
2026-04-15,CNY,0.146604
2026-04-15,EUR,1.177995
2026-04-15,GBP,1.355032
2026-04-15,UAH,0.022989
2026-04-16,CNY,0.1466
2026-04-16,EUR,1.178203
2026-04-16,GBP,1.354353
2026-04-16,UAH,0.02298
2026-04-17,CNY,0.146578
2026-04-17,EUR,1.179704
2026-04-17,GBP,1.353363
2026-04-17,UAH,0.022916
2026-04-18,UAH,0.022916
2026-04-19,UAH,0.022916
2026-04-20,CNY,0.146677
2026-04-20,EUR,1.176
2026-04-20,GBP,1.351023
2026-04-20,UAH,0.022782
2026-04-21,CNY,0.146718
2026-04-21,EUR,1.176706
2026-04-21,GBP,1.351991
2026-04-21,UAH,0.022676
2026-04-22,CNY,0.146533
2026-04-22,EUR,1.173296
2026-04-22,GBP,1.350129
2026-04-22,UAH,0.022668
2026-04-23,CNY,0.146306
2026-04-23,EUR,1.169399
2026-04-23,GBP,1.350731
2026-04-23,UAH,0.022786
2026-04-24,CNY,0.146278
2026-04-24,EUR,1.171193
2026-04-24,GBP,1.349255
2026-04-24,UAH,0.022758
2026-04-25,UAH,0.022758
2026-04-26,UAH,0.022758
2026-04-27,CNY,0.146561
2026-04-27,EUR,1.174895
2026-04-27,GBP,1.357018
2026-04-27,UAH,0.022725
2026-04-28,CNY,0.146224
2026-04-28,EUR,1.168006
2026-04-28,GBP,1.346946
2026-04-28,UAH,0.022681
2026-04-29,CNY,0.146338
2026-04-29,EUR,1.170604
2026-04-29,GBP,1.351059
2026-04-29,UAH,0.022689
2026-04-30,CNY,0.146441
2026-04-30,EUR,1.170207
2026-04-30,GBP,1.350877
2026-04-30,UAH,0.022685
2026-05-01,UAH,0.022746
2026-05-02,UAH,0.022746
2026-05-03,UAH,0.022746
2026-05-04,CNY,0.146406
2026-05-04,EUR,1.170001
2026-05-04,GBP,1.35483
2026-05-04,UAH,0.022772
2026-05-05,CNY,0.146409
2026-05-05,EUR,1.168607
2026-05-05,GBP,1.353436
2026-05-05,UAH,0.022727
2026-05-06,CNY,0.146817
2026-05-06,EUR,1.176194
2026-05-06,GBP,1.361823
2026-05-06,UAH,0.022743
2026-05-07,CNY,0.147018
2026-05-07,EUR,1.176997
2026-05-07,GBP,1.362119
2026-05-07,UAH,0.022804
2026-05-08,CNY,0.147033
2026-05-08,EUR,1.176097
2026-05-08,GBP,1.361063
2026-05-08,UAH,0.022829
2026-05-09,UAH,0.022829
2026-05-10,UAH,0.022829
2026-05-11,CNY,0.147135
2026-05-11,EUR,1.176498
2026-05-11,GBP,1.360304
2026-05-11,UAH,0.022802
2026-05-12,CNY,0.14723
2026-05-12,EUR,1.173805
2026-05-12,GBP,1.352265
2026-05-12,UAH,0.022749
2026-05-13,CNY,0.147254
2026-05-13,EUR,1.171495
2026-05-13,GBP,1.351004
2026-05-13,UAH,0.022742
2026-05-14,CNY,0.14738
2026-05-14,EUR,1.170207
2026-05-14,GBP,1.350986
2026-05-14,UAH,0.022743
2026-05-15,CNY,0.14683
2026-05-15,EUR,1.162804
2026-05-15,GBP,1.335791
2026-05-15,UAH,0.02275
2026-05-16,UAH,0.02275
2026-05-17,UAH,0.02275
2026-05-18,CNY,0.147054
2026-05-18,EUR,1.164795
2026-05-18,GBP,1.338545
2026-05-18,UAH,0.02269
2026-05-19,CNY,0.146927
2026-05-19,EUR,1.161994
2026-05-19,GBP,1.340698
2026-05-19,UAH,0.022645
2026-05-20,CNY,0.146998
2026-05-20,EUR,1.159999
2026-05-20,GBP,1.340195
2026-05-20,UAH,0.022649
2026-05-21,CNY,0.147011
2026-05-21,EUR,1.159904
2026-05-21,GBP,1.341958
2026-05-21,UAH,0.022611
2026-05-22,CNY,0.147161
2026-05-22,EUR,1.159501
2026-05-22,GBP,1.341742
2026-05-22,UAH,0.022607
2026-05-23,UAH,0.022607
2026-05-24,UAH,0.022607
2026-05-25,CNY,0.147399
2026-05-25,EUR,1.164293
2026-05-25,GBP,1.349837
2026-05-25,UAH,0.022593
2026-05-26,CNY,0.14738
2026-05-26,EUR,1.163399
2026-05-26,GBP,1.34691
2026-05-26,UAH,0.022602
2026-05-27,CNY,0.147447
2026-05-27,EUR,1.163697
2026-05-27,GBP,1.34349
2026-05-27,UAH,0.022585
2026-05-28,CNY,0.147495
2026-05-28,EUR,1.161697
2026-05-28,GBP,1.340447
2026-05-28,UAH,0.022574
2026-05-29,CNY,0.14778
2026-05-29,EUR,1.164402
2026-05-29,GBP,1.34266
2026-05-29,UAH,0.022591
2026-05-30,UAH,0.022591
2026-05-31,UAH,0.022591
2026-06-01,CNY,0.147817
2026-06-01,EUR,1.164605
2026-06-01,GBP,1.346475
2026-06-01,UAH,0.02259
2026-06-02,CNY,0.147872
2026-06-02,EUR,1.164904
2026-06-02,GBP,1.347255
2026-06-02,UAH,0.022572
2026-06-03,CNY,0.147724
2026-06-03,EUR,1.1614
2026-06-03,GBP,1.344682
2026-06-03,UAH,0.022553
2026-06-04,CNY,0.147625
2026-06-04,EUR,1.163995
2026-06-04,GBP,1.345823
2026-06-04,UAH,0.022548
2026-06-05,CNY,0.147807
2026-06-05,EUR,1.163995
2026-06-05,GBP,1.346711
2026-06-05,UAH,0.022533
2026-06-06,UAH,0.022533
2026-06-07,UAH,0.022533
2026-06-08,CNY,0.147451
2026-06-08,EUR,1.154002
2026-06-08,GBP,1.336273
2026-06-08,UAH,0.022544
2026-06-09,CNY,0.147678
2026-06-09,EUR,1.1573
2026-06-09,GBP,1.340393
2026-06-09,UAH,0.022465
2026-06-10,CNY,0.147477
2026-06-10,EUR,1.153895
2026-06-10,GBP,1.338204
2026-06-10,UAH,0.0223
2026-06-11,CNY,0.147549
2026-06-11,EUR,1.153695
2026-06-11,GBP,1.33638
2026-06-11,UAH,0.022233
2026-06-12,CNY,0.147879
2026-06-12,EUR,1.156698
2026-06-12,GBP,1.340249
2026-06-12,UAH,0.022259
2026-06-13,UAH,0.022259
2026-06-14,UAH,0.022259
2026-06-15,CNY,0.147995
2026-06-15,EUR,1.160699
2026-06-15,GBP,1.34212
2026-06-15,UAH,0.022314
2026-06-16,CNY,0.148008
2026-06-16,EUR,1.159393
2026-06-16,GBP,1.340788
2026-06-16,UAH,0.022313
2026-06-17,CNY,0.14794
2026-06-17,EUR,1.159098
2026-06-17,GBP,1.340572
2026-06-17,UAH,0.02233
2026-06-18,CNY,0.147676
2026-06-18,EUR,1.146106
2026-06-18,GBP,1.322856
2026-06-18,UAH,0.022318
2026-06-19,CNY,0.147726
2026-06-19,EUR,1.146697
2026-06-19,GBP,1.323329
2026-06-19,UAH,0.022266
2026-06-20,UAH,0.022266
2026-06-21,UAH,0.022266
2026-06-22,CNY,0.147606
2026-06-22,EUR,1.145593
2026-06-22,GBP,1.324889
2026-06-22,UAH,0.022268
2026-06-23,CNY,0.147369
2026-06-23,EUR,1.139199
2026-06-23,GBP,1.32158
2026-06-23,UAH,0.022267
2026-06-24,CNY,0.146823
2026-06-24,EUR,1.134005
2026-06-24,GBP,1.316084
2026-06-24,UAH,0.022281
2026-06-25,CNY,0.147098
2026-06-25,EUR,1.134198
2026-06-25,GBP,1.316032
2026-06-25,UAH,0.022287
2026-06-26,CNY,0.147098
2026-06-26,EUR,1.140095
2026-06-26,GBP,1.321807
2026-06-26,UAH,0.02226
2026-06-27,UAH,0.02226
2026-06-28,UAH,0.02226
2026-06-29,CNY,0.147189
2026-06-29,EUR,1.140602
2026-06-29,GBP,1.322979
2026-06-29,UAH,0.022292
2026-06-30,CNY,0.147373
2026-06-30,EUR,1.139406
2026-06-30,GBP,1.322139
2026-06-30,UAH,0.022298
2026-07-01,CNY,0.147178
2026-07-01,EUR,1.138304
2026-07-01,GBP,1.324012
2026-07-01,UAH,0.022326
2026-07-02,CNY,0.147297
2026-07-02,EUR,1.1399
2026-07-02,GBP,1.330654
2026-07-02,UAH,0.022337
2026-07-03,CNY,0.147462
2026-07-03,EUR,1.144793
2026-07-03,GBP,1.335506
2026-07-03,UAH,0.022321
2026-07-04,UAH,0.022321
2026-07-05,UAH,0.022321
2026-07-06,CNY,0.147152
2026-07-06,EUR,1.1415
2026-07-06,GBP,1.33449
2026-07-06,UAH,0.022437
2026-07-07,CNY,0.1472
2026-07-07,EUR,1.143301
2026-07-07,GBP,1.338581
2026-07-07,UAH,0.02244
2026-07-08,CNY,0.147054
2026-07-08,EUR,1.140394
2026-07-08,GBP,1.334811
2026-07-08,UAH,0.022467
2026-07-09,CNY,0.147145
2026-07-09,EUR,1.143498
2026-07-09,GBP,1.339567
2026-07-09,UAH,0.022484
2026-07-10,CNY,0.147612
2026-07-10,EUR,1.143001
2026-07-10,GBP,1.342264
2026-07-10,UAH,0.022464
2026-07-11,UAH,0.022464
2026-07-12,UAH,0.022464
2026-07-13,CNY,0.147545
2026-07-13,EUR,1.1424
2026-07-13,GBP,1.338796
2026-07-13,UAH,0.022474
2026-07-14,CNY,0.14749
2026-07-14,EUR,1.140498
2026-07-14,GBP,1.338384
2026-07-14,UAH,0.022384
